timestamp,generation_Wh
01-10-18 6:10,0
01-10-18 6:15,0
01-10-18 6:20,0.25
01-10-18 6:25,0.5
01-10-18 6:30,0.5
01-10-18 6:35,0.5
01-10-18 6:40,0.5
01-10-18 6:45,0.5
01-10-18 6:50,0.583333
01-10-18 6:55,0.833333
01-10-18 7:00,0.833333
01-10-18 7:05,0.833333
01-10-18 7:10,0.916667
01-10-18 7:15,0.916667
01-10-18 7:20,0.916667
01-10-18 7:25,1
01-10-18 7:30,1
01-10-18 7:35,1.08333
01-10-18 7:40,1.16667
01-10-18 7:45,1.16667
01-10-18 7:50,1.25
01-10-18 7:55,1.41667
01-10-18 8:00,1.41667
01-10-18 8:05,2.08333
01-10-18 8:10,3.33333
01-10-18 8:15,3.33333
01-10-18 8:20,4
01-10-18 8:25,6.16667
01-10-18 8:30,6.16667
01-10-18 8:35,6.75
01-10-18 8:40,8.83333
01-10-18 8:45,8.83333
01-10-18 8:50,9.16667
01-10-18 8:55,11.0833
01-10-18 9:00,11.0833
01-10-18 9:05,11.6667
01-10-18 9:10,13.9167
01-10-18 9:15,13.9167
01-10-18 9:20,13.9167
01-10-18 9:25,15.5
01-10-18 9:30,15.5
01-10-18 9:35,15.4167
01-10-18 9:40,17.5
01-10-18 9:45,17.5
01-10-18 9:50,14.6667
01-10-18 9:55,12.8333
01-10-18 10:00,12.8333
01-10-18 10:05,14.75
01-10-18 10:10,19.5833
01-10-18 10:15,19.5833
01-10-18 10:20,18.3333
01-10-18 10:25,18.8333
01-10-18 10:30,18.8333
01-10-18 10:35,19.25
01-10-18 10:40,22.6667
01-10-18 10:45,22.6667
01-10-18 10:50,21.8333
01-10-18 10:55,23.25
01-10-18 11:00,23.25
01-10-18 11:05,21.6667
01-10-18 11:10,21.8333
01-10-18 11:15,21.8333
01-10-18 11:20,17.4167
01-10-18 11:25,12.6667
01-10-18 11:30,12.6667
01-10-18 11:35,9.58333
01-10-18 11:40,7
01-10-18 11:45,7
01-10-18 11:50,6.5
01-10-18 11:55,8.16667
01-10-18 12:00,8.16667
01-10-18 12:05,7
01-10-18 12:10,7.66667
01-10-18 12:15,7.66667
01-10-18 12:20,6.83333
01-10-18 12:25,7.91667
01-10-18 12:30,7.91667
01-10-18 12:35,7.08333
01-10-18 12:40,8.33333
01-10-18 12:45,8.33333
01-10-18 12:50,6.66667
01-10-18 12:55,5.33333
01-10-18 13:00,5.33333
01-10-18 13:05,6.25
01-10-18 13:10,10.5
01-10-18 13:15,10.5
01-10-18 13:20,11.75
01-10-18 13:25,16.1667
01-10-18 13:30,16.1667
01-10-18 13:35,12.8333
01-10-18 13:40,8.5
01-10-18 13:45,8.5
01-10-18 13:50,8.25
01-10-18 13:55,10.8333
01-10-18 14:00,10.8333
01-10-18 14:05,10.25
01-10-18 14:10,11.25
01-10-18 14:15,11.25
01-10-18 14:20,9.41667
01-10-18 14:25,7.75
01-10-18 14:30,7.75
01-10-18 14:35,6.75
01-10-18 14:40,6
01-10-18 14:45,6
01-10-18 14:50,5.83333
01-10-18 14:55,6.91667
01-10-18 15:00,6.91667
01-10-18 15:05,5.75
01-10-18 15:10,3.91667
01-10-18 15:15,3.91667
01-10-18 15:20,3.33333
01-10-18 15:25,2.5
01-10-18 15:30,2.5
01-10-18 15:35,2.08333
01-10-18 15:40,1.41667
01-10-18 15:45,1.41667
01-10-18 15:50,1.33333
01-10-18 15:55,1.41667
01-10-18 16:00,1.41667
01-10-18 16:05,1.25
01-10-18 16:10,0.916667
01-10-18 16:15,0.916667
01-10-18 16:20,0.833333
01-10-18 16:25,0.833333
01-10-18 16:30,0.833333
01-10-18 16:35,0.75
01-10-18 16:40,0.583333
01-10-18 16:45,0.583333
01-10-18 16:50,0.5
01-10-18 16:55,0.5
01-10-18 17:00,0.5
01-10-18 17:05,0.333333
01-10-18 17:10,0
01-10-18 17:15,0
01-10-18 17:20,0
01-10-18 17:25,0
01-10-18 17:30,0
01-10-18 17:35,0
02-10-18 6:15,0
02-10-18 6:20,0
02-10-18 6:25,0.25
02-10-18 6:30,0.333333
02-10-18 6:35,0.333333
02-10-18 6:40,0.333333
02-10-18 6:45,0.333333
02-10-18 6:50,0.333333
02-10-18 6:55,0.916667
02-10-18 7:00,1
02-10-18 7:05,1
02-10-18 7:10,1.25
02-10-18 7:15,1.41667
02-10-18 7:20,1.41667
02-10-18 7:25,1.83333
02-10-18 7:30,2
02-10-18 7:35,2
02-10-18 7:40,1.66667
02-10-18 7:45,1.75
02-10-18 7:50,1.75
02-10-18 7:55,2.58333
02-10-18 8:00,2.91667
02-10-18 8:05,2.91667
02-10-18 8:10,2
02-10-18 8:15,2.08333
02-10-18 8:20,2.08333
02-10-18 8:25,5
02-10-18 8:30,5.75
02-10-18 8:35,5.75
02-10-18 8:40,6.58333
02-10-18 8:45,7.41667
02-10-18 8:50,7.41667
02-10-18 8:55,8.58333
02-10-18 9:00,9.41667
02-10-18 9:05,9.41667
02-10-18 9:10,12.5833
02-10-18 9:15,13.75
02-10-18 9:20,13.75
02-10-18 9:25,12.3333
02-10-18 9:30,12.9167
02-10-18 9:35,12.9167
02-10-18 9:40,9.16667
02-10-18 9:45,9.66667
02-10-18 9:50,9.66667
02-10-18 9:55,7.66667
02-10-18 10:00,8.41667
02-10-18 10:05,8.41667
02-10-18 10:10,7.33333
02-10-18 10:15,8.16667
02-10-18 10:20,8.16667
02-10-18 10:25,5.75
02-10-18 10:30,6.16667
02-10-18 10:35,6.16667
02-10-18 10:40,6
02-10-18 10:45,6.83333
02-10-18 10:50,6.83333
02-10-18 10:55,5.91667
02-10-18 11:00,6.58333
02-10-18 11:05,6.58333
02-10-18 11:10,4.58333
02-10-18 11:15,4.58333
02-10-18 11:20,4.58333
02-10-18 11:25,3.75
02-10-18 11:30,3.91667
02-10-18 11:35,3.91667
02-10-18 11:40,5.16667
02-10-18 11:45,6.16667
02-10-18 11:50,6.16667
02-10-18 11:55,7.33333
02-10-18 12:00,8.75
02-10-18 12:05,8.75
02-10-18 12:10,8.08333
02-10-18 12:15,9.16667
02-10-18 12:20,9.16667
02-10-18 12:25,15.75
02-10-18 12:30,18.1667
02-10-18 12:35,18.1667
02-10-18 12:40,28.1667
02-10-18 12:45,32.25
02-10-18 12:50,32.25
02-10-18 12:55,24.1667
02-10-18 13:00,23.5833
02-10-18 13:05,23.5833
02-10-18 13:10,21.75
02-10-18 13:15,22.5833
02-10-18 13:20,22.5833
02-10-18 13:25,22.8333
02-10-18 13:30,24.25
02-10-18 13:35,24.25
02-10-18 13:40,27.8333
02-10-18 13:45,30.5
02-10-18 13:50,30.5
02-10-18 13:55,27.25
02-10-18 14:00,28
02-10-18 14:05,28
02-10-18 14:10,24.5833
02-10-18 14:15,25.1667
02-10-18 14:20,25.1667
02-10-18 14:25,22.75
02-10-18 14:30,23.6667
02-10-18 14:35,23.6667
02-10-18 14:40,18.0833
02-10-18 14:45,17.4167
02-10-18 14:50,17.4167
02-10-18 14:55,17.25
02-10-18 15:00,18.6667
02-10-18 15:05,18.6667
02-10-18 15:10,19.3333
02-10-18 15:15,20.75
02-10-18 15:20,20.75
02-10-18 15:25,17.75
02-10-18 15:30,17.8333
02-10-18 15:35,17.8333
02-10-18 15:40,12.5833
02-10-18 15:45,11.9167
02-10-18 15:50,11.9167
02-10-18 15:55,8
02-10-18 16:00,7.83333
02-10-18 16:05,7.83333
02-10-18 16:10,4.66667
02-10-18 16:15,3.91667
02-10-18 16:20,3.91667
02-10-18 16:25,3.16667
02-10-18 16:30,3.16667
02-10-18 16:35,3.16667
02-10-18 16:40,2.16667
02-10-18 16:45,2.08333
02-10-18 16:50,2.08333
02-10-18 16:55,1.16667
02-10-18 17:00,0.833333
02-10-18 17:05,0.833333
02-10-18 17:10,0.666667
02-10-18 17:15,0.583333
02-10-18 17:20,0.583333
02-10-18 17:25,0.25
02-10-18 17:30,0.166667
02-10-18 17:35,0.166667
02-10-18 17:40,0.0833333
03-10-18 6:25,0.166667
03-10-18 6:30,0.583333
03-10-18 6:35,0.583333
03-10-18 6:40,0.583333
03-10-18 6:45,0.583333
03-10-18 6:50,0.583333
03-10-18 6:55,0.833333
03-10-18 7:00,1.33333
03-10-18 7:05,1.33333
03-10-18 7:10,1.25
03-10-18 7:15,1.25
03-10-18 7:20,1.25
03-10-18 7:25,1.83333
03-10-18 7:30,3.08333
03-10-18 7:35,3.08333
03-10-18 7:40,2.66667
03-10-18 7:45,2.33333
03-10-18 7:50,2.33333
03-10-18 7:55,2.41667
03-10-18 8:00,3
03-10-18 8:05,3
03-10-18 8:10,4.66667
03-10-18 8:15,9.25
03-10-18 8:20,9.25
03-10-18 8:25,8.08333
03-10-18 8:30,7.41667
03-10-18 8:35,7.41667
03-10-18 8:40,7.5
03-10-18 8:45,10
03-10-18 8:50,10
03-10-18 8:55,7.66667
03-10-18 9:00,4.66667
03-10-18 9:05,4.66667
03-10-18 9:10,4.66667
03-10-18 9:15,5.83333
03-10-18 9:20,5.83333
03-10-18 9:25,4.66667
03-10-18 9:30,3.16667
03-10-18 9:35,3.16667
03-10-18 9:40,3.41667
03-10-18 9:45,4.91667
03-10-18 9:50,4.91667
03-10-18 9:55,7.08333
03-10-18 10:00,13.8333
03-10-18 10:05,13.8333
03-10-18 10:10,12.8333
03-10-18 10:15,13.5
03-10-18 10:20,13.5
03-10-18 10:25,11
03-10-18 10:30,8.16667
03-10-18 10:35,8.16667
03-10-18 10:40,8.41667
03-10-18 10:45,11.3333
03-10-18 10:50,11.3333
03-10-18 10:55,9
03-10-18 11:00,5.41667
03-10-18 11:05,5.41667
03-10-18 11:10,5.41667
03-10-18 11:15,7.16667
03-10-18 11:20,7.16667
03-10-18 11:25,9.5
03-10-18 11:30,18.3333
03-10-18 11:35,18.3333
03-10-18 11:40,15.25
03-10-18 11:45,10.75
03-10-18 11:50,10.75
03-10-18 11:55,8.33333
03-10-18 12:00,3.66667
03-10-18 12:05,3.66667
03-10-18 12:10,3.33333
03-10-18 12:15,3.33333
03-10-18 12:20,3.33333
03-10-18 12:25,3.08333
03-10-18 12:30,3.25
03-10-18 12:35,3.25
03-10-18 12:40,3.08333
03-10-18 12:45,3.58333
03-10-18 12:50,3.58333
03-10-18 12:55,3.5
03-10-18 13:00,4.41667
03-10-18 13:05,4.41667
03-10-18 13:10,4
03-10-18 13:15,4.08333
03-10-18 13:20,4.08333
03-10-18 13:25,3.75
03-10-18 13:30,3.75
03-10-18 13:35,3.75
03-10-18 13:40,3.33333
03-10-18 13:45,3
03-10-18 13:50,3
03-10-18 13:55,2.75
03-10-18 14:00,2.5
03-10-18 14:05,2.5
03-10-18 14:10,2.25
03-10-18 14:15,2
03-10-18 14:20,2
03-10-18 14:25,1.75
03-10-18 14:30,1.25
03-10-18 14:35,1.25
03-10-18 14:40,1.25
03-10-18 14:45,1.5
03-10-18 14:50,1.5
03-10-18 14:55,1.5
03-10-18 15:00,2.16667
03-10-18 15:05,2.16667
03-10-18 15:10,2.08333
03-10-18 15:15,2.5
03-10-18 15:20,2.5
03-10-18 15:25,2.25
03-10-18 15:30,2
03-10-18 15:35,2
03-10-18 15:40,2.08333
03-10-18 15:45,3.83333
03-10-18 15:50,3.83333
03-10-18 15:55,3.33333
03-10-18 16:00,2.33333
03-10-18 16:05,2.33333
03-10-18 16:10,2.25
03-10-18 16:15,2.91667
03-10-18 16:20,2.91667
03-10-18 16:25,2.58333
03-10-18 16:30,1.75
03-10-18 16:35,1.75
03-10-18 16:40,1.58333
03-10-18 16:45,1.16667
03-10-18 16:50,1.16667
03-10-18 16:55,1
03-10-18 17:00,0.666667
03-10-18 17:05,0.666667
03-10-18 17:10,0.583333
03-10-18 17:15,0.25
03-10-18 17:20,0.25
03-10-18 17:25,0.166667
04-10-18 6:20,0
04-10-18 6:25,0
04-10-18 6:30,0.166667
04-10-18 6:35,0.25
04-10-18 6:40,0.25
04-10-18 6:45,0.25
04-10-18 6:50,0.25
04-10-18 6:55,0.25
04-10-18 7:00,0.416667
04-10-18 7:05,0.5
04-10-18 7:10,0.5
04-10-18 7:15,0.833333
04-10-18 7:20,0.916667
04-10-18 7:25,0.916667
04-10-18 7:30,1.25
04-10-18 7:35,1.41667
04-10-18 7:40,1.41667
04-10-18 7:45,1.33333
04-10-18 7:50,1.41667
04-10-18 7:55,1.41667
04-10-18 8:00,2.16667
04-10-18 8:05,2.5
04-10-18 8:10,2.5
04-10-18 8:15,3.08333
04-10-18 8:20,3.5
04-10-18 8:25,3.5
04-10-18 8:30,6.08333
04-10-18 8:35,7.25
04-10-18 8:40,7.25
04-10-18 8:45,10.8333
04-10-18 8:50,12.5
04-10-18 8:55,12.5
04-10-18 9:00,13.3333
04-10-18 9:05,14.5833
04-10-18 9:10,14.5833
04-10-18 9:15,14.6667
04-10-18 9:20,15.5
04-10-18 9:25,15.5
04-10-18 9:30,15.75
04-10-18 9:35,16.8333
04-10-18 9:40,16.8333
04-10-18 9:45,15.5
04-10-18 9:50,16.3333
04-10-18 9:55,16.3333
04-10-18 10:00,11.3333
04-10-18 10:05,11.1667
04-10-18 10:10,11.1667
04-10-18 10:15,16.5833
04-10-18 10:20,19.1667
04-10-18 10:25,19.1667
04-10-18 10:30,20.4167
04-10-18 10:35,22
04-10-18 10:40,22
04-10-18 10:45,19.5
04-10-18 10:50,20
04-10-18 10:55,20
04-10-18 11:00,9.25
04-10-18 11:05,6.66667
04-10-18 11:10,6.66667
04-10-18 11:15,9.41667
04-10-18 11:20,11.4167
04-10-18 11:25,11.4167
04-10-18 11:30,6.5
04-10-18 11:35,5.5
04-10-18 11:40,5.5
04-10-18 11:45,4.75
04-10-18 11:50,5.16667
04-10-18 11:55,5.16667
04-10-18 12:00,6.91667
04-10-18 12:05,8.58333
04-10-18 12:10,8.58333
04-10-18 12:15,7.08333
04-10-18 12:20,7.58333
04-10-18 12:25,7.58333
04-10-18 12:30,12.9167
04-10-18 12:35,15.9167
04-10-18 12:40,15.9167
04-10-18 12:45,9.08333
04-10-18 12:50,7.5
04-10-18 12:55,7.5
04-10-18 13:00,7.5
04-10-18 13:05,8.58333
04-10-18 13:10,8.58333
04-10-18 13:15,16.5833
04-10-18 13:20,21.25
04-10-18 13:25,21.25
04-10-18 13:30,10.6667
04-10-18 13:35,7.16667
04-10-18 13:40,7.16667
04-10-18 13:45,6.58333
04-10-18 13:50,7.33333
04-10-18 13:55,7.33333
04-10-18 14:00,4.91667
04-10-18 14:05,4.41667
04-10-18 14:10,4.41667
04-10-18 14:15,5.41667
04-10-18 14:20,6.66667
04-10-18 14:25,6.66667
04-10-18 14:30,15.5
04-10-18 14:35,21
04-10-18 14:40,21
04-10-18 14:45,19.6667
04-10-18 14:50,20.4167
04-10-18 14:55,20.4167
04-10-18 15:00,11.5833
04-10-18 15:05,8.33333
04-10-18 15:10,8.33333
04-10-18 15:15,10.4167
04-10-18 15:20,12.5833
04-10-18 15:25,12.5833
04-10-18 15:30,10.4167
04-10-18 15:35,10.3333
04-10-18 15:40,10.3333
04-10-18 15:45,6.08333
04-10-18 15:50,4.33333
04-10-18 15:55,4.33333
04-10-18 16:00,2.58333
04-10-18 16:05,1.83333
04-10-18 16:10,1.83333
04-10-18 16:15,1.5
04-10-18 16:20,1.5
04-10-18 16:25,1.5
04-10-18 16:30,1.08333
04-10-18 16:35,0.916667
04-10-18 16:40,0.916667
04-10-18 16:45,0.75
04-10-18 16:50,0.666667
04-10-18 16:55,0.666667
04-10-18 17:00,0.583333
04-10-18 17:05,0.583333
04-10-18 17:10,0.583333
04-10-18 17:15,0.5
04-10-18 17:20,0.416667
04-10-18 17:25,0.416667
04-10-18 17:30,0.166667
05-10-18 6:25,0
05-10-18 6:30,0.0833333
05-10-18 6:35,0.333333
05-10-18 6:40,0.333333
05-10-18 6:45,0.333333
05-10-18 6:50,0.333333
05-10-18 6:55,0.333333
05-10-18 7:00,0.333333
05-10-18 7:05,0.583333
05-10-18 7:10,0.583333
05-10-18 7:15,0.583333
05-10-18 7:20,0.75
05-10-18 7:25,0.75
05-10-18 7:30,0.833333
05-10-18 7:35,1.33333
05-10-18 7:40,1.33333
05-10-18 7:45,1.33333
05-10-18 7:50,1.83333
05-10-18 7:55,1.83333
05-10-18 8:00,1.91667
05-10-18 8:05,2.66667
05-10-18 8:10,2.66667
05-10-18 8:15,2.58333
05-10-18 8:20,3.08333
05-10-18 8:25,3.08333
05-10-18 8:30,3.08333
05-10-18 8:35,4.08333
05-10-18 8:40,4.08333
05-10-18 8:45,4.16667
05-10-18 8:50,6.25
05-10-18 8:55,6.25
05-10-18 9:00,5.75
05-10-18 9:05,6.33333
05-10-18 9:10,6.33333
05-10-18 9:15,5.66667
05-10-18 9:20,5.75
05-10-18 9:25,5.75
05-10-18 9:30,5.33333
05-10-18 9:35,7.5
05-10-18 9:40,7.5
05-10-18 9:45,6.66667
05-10-18 9:50,7.16667
05-10-18 9:55,7.16667
05-10-18 10:00,6.66667
05-10-18 10:05,8.58333
05-10-18 10:10,8.58333
05-10-18 10:15,8.16667
05-10-18 10:20,10.3333
05-10-18 10:25,10.3333
05-10-18 10:30,9.5
05-10-18 10:35,9.58333
05-10-18 10:40,9.58333
05-10-18 10:45,9.75
05-10-18 10:50,13.4167
05-10-18 10:55,13.4167
05-10-18 11:00,12.0833
05-10-18 11:05,10.9167
05-10-18 11:10,10.9167
05-10-18 11:15,9.83333
05-10-18 11:20,9.16667
05-10-18 11:25,9.16667
05-10-18 11:30,8.66667
05-10-18 11:35,10.4167
05-10-18 11:40,10.4167
05-10-18 11:45,9
05-10-18 11:50,6
05-10-18 11:55,6
05-10-18 12:00,5.58333
05-10-18 12:05,6.75
05-10-18 12:10,6.75
05-10-18 12:15,6.08333
05-10-18 12:20,7.5
05-10-18 12:25,7.5
05-10-18 12:30,6.66667
05-10-18 12:35,5.5
05-10-18 12:40,5.5
05-10-18 12:45,5.16667
05-10-18 12:50,5.83333
05-10-18 12:55,5.83333
05-10-18 13:00,5.25
05-10-18 13:05,4.08333
05-10-18 13:10,4.08333
05-10-18 13:15,3.83333
05-10-18 13:20,4.41667
05-10-18 13:25,4.41667
05-10-18 13:30,4
05-10-18 13:35,3.5
05-10-18 13:40,3.5
05-10-18 13:45,3.16667
05-10-18 13:50,3.16667
05-10-18 13:55,3.16667
05-10-18 14:00,2.83333
05-10-18 14:05,1.83333
05-10-18 14:10,1.83333
05-10-18 14:15,1.75
05-10-18 14:20,2.08333
05-10-18 14:25,2.08333
05-10-18 14:30,2
05-10-18 14:35,2.58333
05-10-18 14:40,2.58333
05-10-18 14:45,2.33333
05-10-18 14:50,0.916667
05-10-18 14:55,0.916667
05-10-18 15:00,0.833333
05-10-18 15:05,0.25
05-10-18 15:10,0.25
05-10-18 15:15,0.25
05-10-18 15:20,0.166667
05-10-18 15:25,0.166667
05-10-18 15:30,0.166667
05-10-18 15:35,0.0833333
05-10-18 15:40,0.0833333
05-10-18 15:45,0.0833333
05-10-18 15:50,0.416667
05-10-18 15:55,0.416667
05-10-18 16:00,0.416667
05-10-18 16:05,0.75
05-10-18 16:10,0.75
05-10-18 16:15,0.666667
05-10-18 16:20,0.5
05-10-18 16:25,0.5
05-10-18 16:30,0.416667
05-10-18 16:35,0.0833333
05-10-18 16:40,0.0833333
05-10-18 16:45,0.0833333
05-10-18 16:50,0
05-10-18 16:55,0
05-10-18 17:00,0
06-10-18 6:40,0.0833333
06-10-18 6:45,0.0833333
06-10-18 6:50,0.166667
06-10-18 6:55,0.5
06-10-18 7:00,0.5
06-10-18 7:05,0.5
06-10-18 7:10,0.5
06-10-18 7:15,0.5
06-10-18 7:20,0.583333
06-10-18 7:25,0.583333
06-10-18 7:30,0.583333
06-10-18 7:35,0.666667
06-10-18 7:40,0.666667
06-10-18 7:45,0.666667
06-10-18 7:50,0.833333
06-10-18 7:55,0.916667
06-10-18 8:00,0.916667
06-10-18 8:05,1.66667
06-10-18 8:10,2.08333
06-10-18 8:15,2.08333
06-10-18 8:20,2.08333
06-10-18 8:25,2.25
06-10-18 8:30,2.25
06-10-18 8:35,2.16667
06-10-18 8:40,2.33333
06-10-18 8:45,2.33333
06-10-18 8:50,2.66667
06-10-18 8:55,3
06-10-18 9:00,3
06-10-18 9:05,3.08333
06-10-18 9:10,3.41667
06-10-18 9:15,3.41667
06-10-18 9:20,2.66667
06-10-18 9:25,2.66667
06-10-18 9:30,2.66667
06-10-18 9:35,1.91667
06-10-18 9:40,1.83333
06-10-18 9:45,1.83333
06-10-18 9:50,2.83333
06-10-18 9:55,3.58333
06-10-18 10:00,3.58333
06-10-18 10:05,3.58333
06-10-18 10:10,4.08333
06-10-18 10:15,4.08333
06-10-18 10:20,4.16667
06-10-18 10:25,4.66667
06-10-18 10:30,4.66667
06-10-18 10:35,4.58333
06-10-18 10:40,5.08333
06-10-18 10:45,5.08333
06-10-18 10:50,5.08333
06-10-18 10:55,5.83333
06-10-18 11:00,5.83333
06-10-18 11:05,5.83333
06-10-18 11:10,7
06-10-18 11:15,7
06-10-18 11:20,6
06-10-18 11:25,6.25
06-10-18 11:30,6.25
06-10-18 11:35,4.41667
06-10-18 11:40,4
06-10-18 11:45,4
06-10-18 11:50,4.75
06-10-18 11:55,5.75
06-10-18 12:00,5.75
06-10-18 12:05,7.08333
06-10-18 12:10,8.83333
06-10-18 12:15,8.83333
06-10-18 12:20,10.5833
06-10-18 12:25,12.5
06-10-18 12:30,12.5
06-10-18 12:35,10.1667
06-10-18 12:40,10.4167
06-10-18 12:45,10.4167
06-10-18 12:50,8.91667
06-10-18 12:55,9.25
06-10-18 13:00,9.25
06-10-18 13:05,7.33333
06-10-18 13:10,7.33333
06-10-18 13:15,7.33333
06-10-18 13:20,4.58333
06-10-18 13:25,3.5
06-10-18 13:30,3.5
06-10-18 13:35,3.16667
06-10-18 13:40,3.33333
06-10-18 13:45,3.33333
06-10-18 13:50,4.25
06-10-18 13:55,5.5
06-10-18 14:00,5.5
06-10-18 14:05,9.58333
06-10-18 14:10,13.0833
06-10-18 14:15,13.0833
06-10-18 14:20,9.83333
06-10-18 14:25,8.66667
06-10-18 14:30,8.66667
06-10-18 14:35,8.25
06-10-18 14:40,8.91667
06-10-18 14:45,8.91667
06-10-18 14:50,7.25
06-10-18 14:55,7.08333
06-10-18 15:00,7.08333
06-10-18 15:05,8.41667
06-10-18 15:10,10.6667
06-10-18 15:15,10.6667
06-10-18 15:20,8.5
06-10-18 15:25,8.25
06-10-18 15:30,8.25
06-10-18 15:35,8.08333
06-10-18 15:40,9.33333
06-10-18 15:45,9.33333
06-10-18 15:50,5.5
06-10-18 15:55,3.08333
06-10-18 16:00,3.08333
06-10-18 16:05,2.83333
06-10-18 16:10,3.08333
06-10-18 16:15,3.08333
06-10-18 16:20,2.83333
06-10-18 16:25,3
06-10-18 16:30,3
06-10-18 16:35,2.33333
06-10-18 16:40,2
06-10-18 16:45,2
06-10-18 16:50,1.25
06-10-18 16:55,0.75
06-10-18 17:00,0.75
06-10-18 17:05,0.583333
06-10-18 17:10,0.5
06-10-18 17:15,0.5
06-10-18 17:20,0.25
06-10-18 17:25,0.0833333
06-10-18 17:30,0.0833333
06-10-18 17:35,0.0833333
07-10-18 6:20,0
07-10-18 6:25,0.25
07-10-18 6:30,0.25
07-10-18 6:35,0.25
07-10-18 6:40,0.75
07-10-18 6:45,0.75
07-10-18 6:50,0.833333
07-10-18 6:55,1.16667
07-10-18 7:00,1.16667
07-10-18 7:05,1.25
07-10-18 7:10,2.16667
07-10-18 7:15,2.16667
07-10-18 7:20,2.16667
07-10-18 7:25,3.16667
07-10-18 7:30,3.16667
07-10-18 7:35,3
07-10-18 7:40,3.75
07-10-18 7:45,3.75
07-10-18 7:50,3.5
07-10-18 7:55,3.66667
07-10-18 8:00,3.66667
07-10-18 8:05,3.41667
07-10-18 8:10,4.16667
07-10-18 8:15,4.16667
07-10-18 8:20,4
07-10-18 8:25,4.91667
07-10-18 8:30,4.91667
07-10-18 8:35,4.66667
07-10-18 8:40,6
07-10-18 8:45,6
07-10-18 8:50,5.58333
07-10-18 8:55,6.08333
07-10-18 9:00,6.08333
07-10-18 9:05,5.83333
07-10-18 9:10,7.08333
07-10-18 9:15,7.08333
07-10-18 9:20,6.83333
07-10-18 9:25,8.5
07-10-18 9:30,8.5
07-10-18 9:35,8.75
07-10-18 9:40,13.4167
07-10-18 9:45,13.4167
07-10-18 9:50,12.9167
07-10-18 9:55,13.9167
07-10-18 10:00,13.9167
07-10-18 10:05,13.75
07-10-18 10:10,17.6667
07-10-18 10:15,17.6667
07-10-18 10:20,16.4167
07-10-18 10:25,14.5833
07-10-18 10:30,14.5833
07-10-18 10:35,14.5
07-10-18 10:40,18.4167
07-10-18 10:45,18.4167
07-10-18 10:50,17.6667
07-10-18 10:55,18.9167
07-10-18 11:00,18.9167
07-10-18 11:05,16.75
07-10-18 11:10,10.1667
07-10-18 11:15,10.1667
07-10-18 11:20,9.41667
07-10-18 11:25,9
07-10-18 11:30,9
07-10-18 11:35,8.41667
07-10-18 11:40,9.25
07-10-18 11:45,9.25
07-10-18 11:50,8.66667
07-10-18 11:55,10.3333
07-10-18 12:00,10.3333
07-10-18 12:05,11.1667
07-10-18 12:10,22.8333
07-10-18 12:15,22.8333
07-10-18 12:20,21.0833
07-10-18 12:25,15.8333
07-10-18 12:30,15.8333
07-10-18 12:35,15.1667
07-10-18 12:40,17.5833
07-10-18 12:45,17.5833
07-10-18 12:50,15.5
07-10-18 12:55,10.3333
07-10-18 13:00,10.3333
07-10-18 13:05,9.5
07-10-18 13:10,9
07-10-18 13:15,9
07-10-18 13:20,8.5
07-10-18 13:25,11.4167
07-10-18 13:30,11.4167
07-10-18 13:35,10.3333
07-10-18 13:40,10.0833
07-10-18 13:45,10.0833
07-10-18 13:50,9.16667
07-10-18 13:55,8.83333
07-10-18 14:00,8.91667
07-10-18 14:05,8.25
07-10-18 14:10,6.91667
07-10-18 14:15,6.91667
07-10-18 14:20,6.33333
07-10-18 14:25,4.66667
07-10-18 14:30,4.66667
07-10-18 14:35,4.33333
07-10-18 14:40,3.75
07-10-18 14:45,3.75
07-10-18 14:50,3.5
07-10-18 14:55,2.83333
07-10-18 15:00,2.83333
07-10-18 15:05,2.66667
07-10-18 15:10,2.25
07-10-18 15:15,2.25
07-10-18 15:20,2.16667
07-10-18 15:25,1.66667
07-10-18 15:30,1.66667
07-10-18 15:35,1.58333
07-10-18 15:40,1.41667
07-10-18 15:45,1.41667
07-10-18 15:50,1.33333
07-10-18 15:55,1.25
07-10-18 16:00,1.25
07-10-18 16:05,1.16667
07-10-18 16:10,0.75
07-10-18 16:15,0.75
07-10-18 16:20,0.666667
07-10-18 16:25,0.916667
07-10-18 16:30,0.916667
07-10-18 16:35,0.833333
07-10-18 16:40,0.916667
07-10-18 16:45,0.916667
07-10-18 16:50,0.833333
07-10-18 16:55,0.583333
07-10-18 17:00,0.583333
07-10-18 17:05,0.583333
07-10-18 17:10,0.25
07-10-18 17:15,0.25
07-10-18 17:20,0.25
08-10-18 6:35,0
08-10-18 6:40,0.333333
08-10-18 6:45,0.5
08-10-18 6:50,0.5
08-10-18 6:55,0.5
08-10-18 7:00,0.5
08-10-18 7:05,0.5
08-10-18 7:10,0.833333
08-10-18 7:15,1
08-10-18 7:20,1
08-10-18 7:25,1.41667
08-10-18 7:30,1.66667
08-10-18 7:35,1.66667
08-10-18 7:40,2.16667
08-10-18 7:45,2.66667
08-10-18 7:50,2.66667
08-10-18 7:55,2.58333
08-10-18 8:00,2.91667
08-10-18 8:05,2.91667
08-10-18 8:10,3.16667
08-10-18 8:15,3.66667
08-10-18 8:20,3.66667
08-10-18 8:25,4.41667
08-10-18 8:30,5.41667
08-10-18 8:35,5.41667
08-10-18 8:40,7
08-10-18 8:45,8.91667
08-10-18 8:50,8.91667
08-10-18 8:55,10
08-10-18 9:00,11.3333
08-10-18 9:05,11.3333
08-10-18 9:10,11.3333
08-10-18 9:15,12.0833
08-10-18 9:20,12.0833
08-10-18 9:25,12.1667
08-10-18 9:30,13.0833
08-10-18 9:35,13.0833
08-10-18 9:40,10.6667
08-10-18 9:45,10.6667
08-10-18 9:50,10.6667
08-10-18 9:55,11.4167
08-10-18 10:00,13
08-10-18 10:05,13
08-10-18 10:10,14.5833
08-10-18 10:15,16.5
08-10-18 10:20,16.5
08-10-18 10:25,10.3333
08-10-18 10:30,8.25
08-10-18 10:35,8.25
08-10-18 10:40,15.9167
08-10-18 10:45,21.5833
08-10-18 10:50,21.5833
08-10-18 10:55,18.25
08-10-18 11:00,17.6667
08-10-18 11:05,17.6667
08-10-18 11:10,15.8333
08-10-18 11:15,16
08-10-18 11:20,16
08-10-18 11:25,16.0833
08-10-18 11:30,17.8333
08-10-18 11:35,17.8333
08-10-18 11:40,20.25
08-10-18 11:45,23.25
08-10-18 11:50,23.25
08-10-18 11:55,21.6667
08-10-18 12:00,22.3333
08-10-18 12:05,22.3333
08-10-18 12:10,26.25
08-10-18 12:15,31.25
08-10-18 12:20,31.25
08-10-18 12:25,25.5
08-10-18 12:30,23.8333
08-10-18 12:35,23.8333
08-10-18 12:40,20.6667
08-10-18 12:45,20.5
08-10-18 12:50,20.5
08-10-18 12:55,18.5833
08-10-18 13:00,19.25
08-10-18 13:05,19.25
08-10-18 13:10,12.5
08-10-18 13:15,8.91667
08-10-18 13:20,8.91667
08-10-18 13:25,14.5833
08-10-18 13:30,20.75
08-10-18 13:35,20.75
08-10-18 13:40,13.5833
08-10-18 13:45,9.91667
08-10-18 13:50,9.91667
08-10-18 13:55,6.83333
08-10-18 14:00,5.5
08-10-18 14:05,5.5
08-10-18 14:10,4.83333
08-10-18 14:15,5.25
08-10-18 14:20,5.25
08-10-18 14:25,7.5
08-10-18 14:30,10.5
08-10-18 14:35,10.5
08-10-18 14:40,11
08-10-18 14:45,12.6667
08-10-18 14:50,12.6667
08-10-18 14:55,12.5
08-10-18 15:00,13.8333
08-10-18 15:05,13.8333
08-10-18 15:10,8.83333
08-10-18 15:15,5.33333
08-10-18 15:20,5.33333
08-10-18 15:25,3.5
08-10-18 15:30,2.25
08-10-18 15:35,2.25
08-10-18 15:40,2.66667
08-10-18 15:45,3.41667
08-10-18 15:50,3.41667
08-10-18 15:55,2.5
08-10-18 16:00,2
08-10-18 16:05,2
08-10-18 16:10,1.66667
08-10-18 16:15,1.66667
08-10-18 16:20,1.66667
08-10-18 16:25,1.25
08-10-18 16:30,1
08-10-18 16:35,1
08-10-18 16:40,0.666667
08-10-18 16:45,0.5
08-10-18 16:50,0.5
08-10-18 16:55,0.5
08-10-18 17:00,0.583333
08-10-18 17:05,0.583333
08-10-18 17:10,0.25
09-10-18 6:30,0.0833333
09-10-18 6:35,0.0833333
09-10-18 6:40,0.166667
09-10-18 6:45,0.75
09-10-18 6:50,0.75
09-10-18 6:55,0.75
09-10-18 7:00,1
09-10-18 7:05,1
09-10-18 7:10,0.916667
09-10-18 7:15,1.16667
09-10-18 7:20,1.16667
09-10-18 7:25,1.16667
09-10-18 7:30,1.91667
09-10-18 7:35,1.91667
09-10-18 7:40,1.83333
09-10-18 7:45,2.5
09-10-18 7:50,2.5
09-10-18 7:55,2.41667
09-10-18 8:00,3
09-10-18 8:05,3
09-10-18 8:10,2.91667
09-10-18 8:15,3.41667
09-10-18 8:20,3.41667
09-10-18 8:25,3.25
09-10-18 8:30,3.83333
09-10-18 8:35,3.83333
09-10-18 8:40,3.83333
09-10-18 8:45,8.08333
09-10-18 8:50,8.08333
09-10-18 8:55,8.66667
09-10-18 9:00,17.25
09-10-18 9:05,17.25
09-10-18 9:10,16.3333
09-10-18 9:15,16.6667
09-10-18 9:20,16.6667
09-10-18 9:25,15.9167
09-10-18 9:30,17
09-10-18 9:35,17
09-10-18 9:40,16.0833
09-10-18 9:45,16.4167
09-10-18 9:50,16.4167
09-10-18 9:55,15.75
09-10-18 10:00,17.6667
09-10-18 10:05,17.6667
09-10-18 10:10,16.9167
09-10-18 10:15,19.1667
09-10-18 10:20,19.1667
09-10-18 10:25,18.25
09-10-18 10:30,19.75
09-10-18 10:35,19.75
09-10-18 10:40,18.9167
09-10-18 10:45,20.3333
09-10-18 10:50,20.3333
09-10-18 10:55,19.5
09-10-18 11:00,20.75
09-10-18 11:05,20.75
09-10-18 11:10,20
09-10-18 11:15,21.3333
09-10-18 11:20,21.3333
09-10-18 11:25,20.4167
09-10-18 11:30,22.4167
09-10-18 11:35,22.4167
09-10-18 11:40,21.5
09-10-18 11:45,22.6667
09-10-18 11:50,22.6667
09-10-18 11:55,21.5833
09-10-18 12:00,22.9167
09-10-18 12:05,22.9167
09-10-18 12:10,21.8333
09-10-18 12:15,23.1667
09-10-18 12:20,23.1667
09-10-18 12:25,22
09-10-18 12:30,23.5833
09-10-18 12:35,23.5833
09-10-18 12:40,22.4167
09-10-18 12:45,23.6667
09-10-18 12:50,23.6667
09-10-18 12:55,22.6667
09-10-18 13:00,24.3333
09-10-18 13:05,24.3333
09-10-18 13:10,23.25
09-10-18 13:15,24.0833
09-10-18 13:20,24.0833
09-10-18 13:25,23
09-10-18 13:30,22.75
09-10-18 13:35,22.75
09-10-18 13:40,21.8333
09-10-18 13:45,22.0833
09-10-18 13:50,22.25
09-10-18 13:55,21.5
09-10-18 14:00,21
09-10-18 14:05,21.25
09-10-18 14:10,20.75
09-10-18 14:15,18.6667
09-10-18 14:20,18.9167
09-10-18 14:25,18.5833
09-10-18 14:30,18.1667
09-10-18 14:35,18.6667
09-10-18 14:40,18.3333
09-10-18 14:45,16.5833
09-10-18 14:50,17.0833
09-10-18 14:55,16.9167
09-10-18 15:00,14.4167
09-10-18 15:05,14.9167
09-10-18 15:10,14.8333
09-10-18 15:15,9.66667
09-10-18 15:20,10.5833
09-10-18 15:25,10.5
09-10-18 15:30,5.16667
09-10-18 15:35,5.66667
09-10-18 15:40,5.66667
09-10-18 15:45,1.75
09-10-18 15:50,1.83333
09-10-18 15:55,1.83333
09-10-18 16:00,1.16667
09-10-18 16:05,1.25
09-10-18 16:10,1.25
09-10-18 16:15,1
09-10-18 16:20,1.08333
09-10-18 16:25,1.08333
09-10-18 16:30,0.75
09-10-18 16:35,0.833333
09-10-18 16:40,0.833333
09-10-18 16:45,0.666667
09-10-18 16:50,0.666667
09-10-18 16:55,0.666667
09-10-18 17:00,0.416667
09-10-18 17:05,0.416667
09-10-18 17:10,0.416667
09-10-18 17:15,0.0833333
09-10-18 17:20,0.0833333
09-10-18 17:25,0.0833333
09-10-18 17:30,0
10-10-18 6:25,0
10-10-18 6:30,0.25
10-10-18 6:35,0.416667
10-10-18 6:40,0.416667
10-10-18 6:45,0.416667
10-10-18 6:50,0.416667
10-10-18 6:55,0.416667
10-10-18 7:00,0.666667
10-10-18 7:05,0.916667
10-10-18 7:10,0.916667
10-10-18 7:15,1.08333
10-10-18 7:20,1.25
10-10-18 7:25,1.25
10-10-18 7:30,1.25
10-10-18 7:35,1.5
10-10-18 7:40,1.5
10-10-18 7:45,1.58333
10-10-18 7:50,1.75
10-10-18 7:55,1.75
10-10-18 8:00,1.83333
10-10-18 8:05,2.08333
10-10-18 8:10,2.08333
10-10-18 8:15,2.08333
10-10-18 8:20,2.41667
10-10-18 8:25,2.41667
10-10-18 8:30,3.25
10-10-18 8:35,4.25
10-10-18 8:40,4.25
10-10-18 8:45,5.16667
10-10-18 8:50,6.41667
10-10-18 8:55,6.41667
10-10-18 9:00,8.16667
10-10-18 9:05,10.5833
10-10-18 9:10,10.5833
10-10-18 9:15,10.8333
10-10-18 9:20,12
10-10-18 9:25,12
10-10-18 9:30,12.1667
10-10-18 9:35,13.3333
10-10-18 9:40,13.3333
10-10-18 9:45,13.3333
10-10-18 9:50,14.5833
10-10-18 9:55,14.5833
10-10-18 10:00,14.3333
10-10-18 10:05,15.4167
10-10-18 10:10,15.4167
10-10-18 10:15,15.25
10-10-18 10:20,16.4167
10-10-18 10:25,16.4167
10-10-18 10:30,16.0833
10-10-18 10:35,17.25
10-10-18 10:40,17.25
10-10-18 10:45,17
10-10-18 10:50,18.3333
10-10-18 10:55,18.3333
10-10-18 11:00,17.9167
10-10-18 11:05,19.3333
10-10-18 11:10,19.3333
10-10-18 11:15,18.6667
10-10-18 11:20,20
10-10-18 11:25,20
10-10-18 11:30,19.25
10-10-18 11:35,20.5
10-10-18 11:40,20.5
10-10-18 11:45,19.9167
10-10-18 11:50,21.0833
10-10-18 11:55,21.0833
10-10-18 12:00,20.1667
10-10-18 12:05,21.4167
10-10-18 12:10,21.4167
10-10-18 12:15,20.3333
10-10-18 12:20,21.3333
10-10-18 12:25,21.3333
10-10-18 12:30,20.0833
10-10-18 12:35,20.9167
10-10-18 12:40,20.9167
10-10-18 12:45,19.75
10-10-18 12:50,20.5833
10-10-18 12:55,20.5833
10-10-18 13:00,19.3333
10-10-18 13:05,20
10-10-18 13:10,20
10-10-18 13:15,18.9167
10-10-18 13:20,19.8333
10-10-18 13:25,19.8333
10-10-18 13:30,18.8333
10-10-18 13:35,19.75
10-10-18 13:40,19.75
10-10-18 13:45,18.5
10-10-18 13:50,19.1667
10-10-18 13:55,19.1667
10-10-18 14:00,17.9167
10-10-18 14:05,18.4167
10-10-18 14:10,18.4167
10-10-18 14:15,16.75
10-10-18 14:20,16.75
10-10-18 14:25,16.75
10-10-18 14:30,15.5
10-10-18 14:35,15.75
10-10-18 14:40,15.75
10-10-18 14:45,14.1667
10-10-18 14:50,14
10-10-18 14:55,14
10-10-18 15:00,11.9167
10-10-18 15:05,10.8333
10-10-18 15:10,10.8333
10-10-18 15:15,8.66667
10-10-18 15:20,7.41667
10-10-18 15:25,7.41667
10-10-18 15:30,5.5
10-10-18 15:35,3.83333
10-10-18 15:40,3.83333
10-10-18 15:45,2.83333
10-10-18 15:50,2
10-10-18 15:55,2
10-10-18 16:00,1.75
10-10-18 16:05,1.66667
10-10-18 16:10,1.66667
10-10-18 16:15,1.41667
10-10-18 16:20,1.25
10-10-18 16:25,1.25
10-10-18 16:30,1
10-10-18 16:35,0.916667
10-10-18 16:40,0.916667
10-10-18 16:45,0.75
10-10-18 16:50,0.666667
10-10-18 16:55,0.666667
10-10-18 17:00,0.5
10-10-18 17:05,0.333333
10-10-18 17:10,0.333333
10-10-18 17:15,0.166667
11-10-18 7:10,0.0833333
11-10-18 7:15,0.0833333
11-10-18 7:20,0.0833333
11-10-18 7:25,0.0833333
11-10-18 7:30,0.0833333
11-10-18 7:35,0.583333
11-10-18 7:40,0.583333
11-10-18 7:45,0.583333
11-10-18 7:50,1.33333
11-10-18 7:55,1.33333
11-10-18 8:00,1.25
11-10-18 8:05,2.25
11-10-18 8:10,2.25
11-10-18 8:15,2.16667
11-10-18 8:20,4.75
11-10-18 8:25,4.75
11-10-18 8:30,4.41667
11-10-18 8:35,3.83333
11-10-18 8:40,3.83333
11-10-18 8:45,3.5
11-10-18 8:50,2.83333
11-10-18 8:55,2.83333
11-10-18 9:00,2.58333
11-10-18 9:05,4.16667
11-10-18 9:10,4.16667
11-10-18 9:15,3.83333
11-10-18 9:20,9.25
11-10-18 9:25,9.25
11-10-18 9:30,8.66667
11-10-18 9:35,11.5
11-10-18 9:40,11.5
11-10-18 9:45,10.9167
11-10-18 9:50,14.25
11-10-18 9:55,14.25
11-10-18 10:00,13.5
11-10-18 10:05,16.25
11-10-18 10:10,16.25
11-10-18 10:15,15.4167
11-10-18 10:20,15.3333
11-10-18 10:25,15.5
11-10-18 10:30,14.8333
11-10-18 10:35,11.4167
11-10-18 10:40,11.75
11-10-18 10:45,11.3333
11-10-18 10:50,7.58333
11-10-18 10:55,8.16667
11-10-18 11:00,7.91667
11-10-18 11:05,6.41667
11-10-18 11:10,6.83333
11-10-18 11:15,6.66667
11-10-18 11:20,9.66667
11-10-18 11:25,10.25
11-10-18 11:30,10.0833
11-10-18 11:35,7.91667
11-10-18 11:40,8.66667
11-10-18 11:45,8.5
11-10-18 11:50,10.9167
11-10-18 11:55,11.5
11-10-18 12:00,11.4167
11-10-18 12:05,13.4167
11-10-18 12:10,14.3333
11-10-18 12:15,14.25
11-10-18 12:20,7.41667
11-10-18 12:25,8.08333
11-10-18 12:30,8.08333
11-10-18 12:35,6.25
11-10-18 12:40,7
11-10-18 12:45,7
11-10-18 12:50,5.58333
11-10-18 12:55,6.25
11-10-18 13:00,6.25
11-10-18 13:05,7.41667
11-10-18 13:10,8.16667
11-10-18 13:15,8.16667
11-10-18 13:20,5.58333
11-10-18 13:25,6.08333
11-10-18 13:30,6.08333
11-10-18 13:35,3.5
11-10-18 13:40,3.75
11-10-18 13:45,3.75
11-10-18 13:50,4.25
11-10-18 13:55,4.58333
11-10-18 14:00,4.58333
11-10-18 14:05,8.41667
11-10-18 14:10,9.33333
11-10-18 14:15,9.33333
11-10-18 14:20,6.33333
11-10-18 14:25,6.75
11-10-18 14:30,6.75
11-10-18 14:35,3.91667
11-10-18 14:40,4.08333
11-10-18 14:45,4.08333
11-10-18 14:50,4.33333
11-10-18 14:55,4.75
11-10-18 15:00,4.75
11-10-18 15:05,1.83333
11-10-18 15:10,1.75
11-10-18 15:15,1.75
11-10-18 15:20,2.41667
11-10-18 15:25,2.66667
11-10-18 15:30,2.66667
11-10-18 15:35,1.91667
11-10-18 15:40,1.91667
11-10-18 15:45,1.91667
11-10-18 15:50,0.583333
11-10-18 15:55,0.5
11-10-18 16:00,0.5
11-10-18 16:05,0.666667
11-10-18 16:10,0.666667
11-10-18 16:15,0.666667
11-10-18 16:20,1.75
11-10-18 16:25,1.91667
11-10-18 16:30,1.91667
11-10-18 16:35,0.916667
11-10-18 16:40,0.833333
11-10-18 16:45,0.833333
11-10-18 16:50,0.583333
11-10-18 16:55,0.583333
11-10-18 17:00,0.583333
11-10-18 17:05,0.333333
11-10-18 17:10,0.333333
11-10-18 17:15,0.333333
11-10-18 17:20,0
12-10-18 6:50,0
12-10-18 6:55,0.0833333
12-10-18 7:00,0.0833333
12-10-18 7:05,0.0833333
12-10-18 7:10,0.0833333
12-10-18 7:15,0.0833333
12-10-18 7:20,0.0833333
12-10-18 7:25,0.0833333
12-10-18 7:30,0.0833333
12-10-18 7:35,0.166667
12-10-18 7:40,0.25
12-10-18 7:45,0.25
12-10-18 7:50,0.416667
12-10-18 7:55,0.5
12-10-18 8:00,0.5
12-10-18 8:05,0.583333
12-10-18 8:10,0.666667
12-10-18 8:15,0.666667
12-10-18 8:20,0.666667
12-10-18 8:25,0.75
12-10-18 8:30,0.75
12-10-18 8:35,0.666667
12-10-18 8:40,0.666667
12-10-18 8:45,0.666667
12-10-18 8:50,0.833333
12-10-18 8:55,1
12-10-18 9:00,1
12-10-18 9:05,1
12-10-18 9:10,1.16667
12-10-18 9:15,1.16667
12-10-18 9:20,1.08333
12-10-18 9:25,1.08333
12-10-18 9:30,1.08333
12-10-18 9:35,1
12-10-18 9:40,1.08333
12-10-18 9:45,1.08333
12-10-18 9:50,0.916667
12-10-18 9:55,0.833333
12-10-18 10:00,0.833333
12-10-18 10:05,0.833333
12-10-18 10:10,0.916667
12-10-18 10:15,0.916667
12-10-18 10:20,0.833333
12-10-18 10:25,0.916667
12-10-18 10:30,0.916667
12-10-18 10:35,0.916667
12-10-18 10:40,1.16667
12-10-18 10:45,1.16667
12-10-18 10:50,1.08333
12-10-18 10:55,1.16667
12-10-18 11:00,1.16667
12-10-18 11:05,1.08333
12-10-18 11:10,1.08333
12-10-18 11:15,1.08333
12-10-18 11:20,1.08333
12-10-18 11:25,1.16667
12-10-18 11:30,1.16667
12-10-18 11:35,1.08333
12-10-18 11:40,1.16667
12-10-18 11:45,1.16667
12-10-18 11:50,1.33333
12-10-18 11:55,1.75
12-10-18 12:00,1.75
12-10-18 12:05,1.83333
12-10-18 12:10,2.25
12-10-18 12:15,2.25
12-10-18 12:20,2.25
12-10-18 12:25,2.5
12-10-18 12:30,2.5
12-10-18 12:35,2.25
12-10-18 12:40,2.25
12-10-18 12:45,2.25
12-10-18 12:50,1.83333
12-10-18 12:55,1.5
12-10-18 13:00,1.5
12-10-18 13:05,1.25
12-10-18 13:10,1.08333
12-10-18 13:15,1.08333
12-10-18 13:20,1.08333
12-10-18 13:25,1.25
12-10-18 13:30,1.25
12-10-18 13:35,1.25
12-10-18 13:40,1.33333
12-10-18 13:45,1.33333
12-10-18 13:50,1.25
12-10-18 13:55,1.25
12-10-18 14:00,1.25
12-10-18 14:05,1.25
12-10-18 14:10,1.33333
12-10-18 14:15,1.33333
12-10-18 14:20,1.25
12-10-18 14:25,1.25
12-10-18 14:30,1.25
12-10-18 14:35,1.16667
12-10-18 14:40,1.16667
12-10-18 14:45,1.16667
12-10-18 14:50,1
12-10-18 14:55,0.833333
12-10-18 15:00,0.833333
12-10-18 15:05,0.75
12-10-18 15:10,0.833333
12-10-18 15:15,0.833333
12-10-18 15:20,0.75
12-10-18 15:25,0.666667
12-10-18 15:30,0.666667
12-10-18 15:35,0.583333
12-10-18 15:40,0.583333
12-10-18 15:45,0.583333
12-10-18 15:50,0.583333
12-10-18 15:55,0.5
12-10-18 16:00,0.5
12-10-18 16:05,0.5
12-10-18 16:10,0.5
12-10-18 16:15,0.5
12-10-18 16:20,0.416667
12-10-18 16:25,0.333333
12-10-18 16:30,0.333333
12-10-18 16:35,0.25
12-10-18 16:40,0.0833333
12-10-18 16:45,0.0833333
12-10-18 16:50,0
13-10-18 6:45,0
13-10-18 6:50,0
13-10-18 7:05,0
13-10-18 7:20,0
13-10-18 7:25,0.166667
13-10-18 7:30,0.166667
13-10-18 7:35,0.166667
13-10-18 7:40,0.583333
13-10-18 7:45,0.583333
13-10-18 7:50,0.583333
13-10-18 7:55,0.75
13-10-18 8:00,0.75
13-10-18 8:05,0.75
13-10-18 8:10,1.16667
13-10-18 8:15,1.25
13-10-18 8:20,1.25
13-10-18 8:25,1.66667
13-10-18 8:30,1.75
13-10-18 8:35,1.75
13-10-18 8:40,1.16667
13-10-18 8:45,1.25
13-10-18 8:50,1.25
13-10-18 8:55,1.25
13-10-18 9:00,1.33333
13-10-18 9:05,1.33333
13-10-18 9:10,1.5
13-10-18 9:15,1.58333
13-10-18 9:20,1.58333
13-10-18 9:25,1.5
13-10-18 9:30,1.58333
13-10-18 9:35,1.58333
13-10-18 9:40,0.916667
13-10-18 9:45,1
13-10-18 9:50,1
13-10-18 9:55,2
13-10-18 10:00,2.16667
13-10-18 10:05,2.16667
13-10-18 10:10,1.41667
13-10-18 10:15,1.5
13-10-18 10:20,1.5
13-10-18 10:25,1.08333
13-10-18 10:30,1.16667
13-10-18 10:35,1.16667
13-10-18 10:40,1.5
13-10-18 10:45,1.58333
13-10-18 10:50,1.58333
13-10-18 10:55,3.75
13-10-18 11:00,4.25
13-10-18 11:05,4.25
13-10-18 11:10,7.16667
13-10-18 11:15,8
13-10-18 11:20,8
13-10-18 11:25,9.08333
13-10-18 11:30,10.0833
13-10-18 11:35,10.0833
13-10-18 11:40,8.75
13-10-18 11:45,9.5
13-10-18 11:50,9.5
13-10-18 11:55,7.08333
13-10-18 12:00,7.66667
13-10-18 12:05,7.66667
13-10-18 12:10,12.25
13-10-18 12:15,13.5833
13-10-18 12:20,13.5833
13-10-18 12:25,9.08333
13-10-18 12:30,9.5
13-10-18 12:35,9.5
13-10-18 12:40,7.41667
13-10-18 12:45,8
13-10-18 12:50,8
13-10-18 12:55,5.33333
13-10-18 13:00,5.66667
13-10-18 13:05,5.66667
13-10-18 13:10,10.25
13-10-18 13:15,11.5
13-10-18 13:20,11.5
13-10-18 13:25,12.3333
13-10-18 13:30,13.25
13-10-18 13:35,13.25
13-10-18 13:40,12.1667
13-10-18 13:45,12.9167
13-10-18 13:50,12.9167
13-10-18 13:55,10.8333
13-10-18 14:00,11.5
13-10-18 14:05,11.5
13-10-18 14:10,12.3333
13-10-18 14:15,13.25
13-10-18 14:20,13.25
13-10-18 14:25,10.5833
13-10-18 14:30,11.0833
13-10-18 14:35,11.0833
13-10-18 14:40,8.5
13-10-18 14:45,8.75
13-10-18 14:50,8.75
13-10-18 14:55,5.75
13-10-18 15:00,5.83333
13-10-18 15:05,5.83333
13-10-18 15:10,5.58333
13-10-18 15:15,6.16667
13-10-18 15:20,6.16667
13-10-18 15:25,4.58333
13-10-18 15:30,4.75
13-10-18 15:35,4.75
13-10-18 15:40,2.66667
13-10-18 15:45,2.41667
13-10-18 15:50,2.41667
13-10-18 15:55,1.25
13-10-18 16:00,1.16667
13-10-18 16:05,1.16667
13-10-18 16:10,0.583333
13-10-18 16:15,0.5
13-10-18 16:20,0.5
13-10-18 16:25,0.666667
13-10-18 16:30,0.833333
13-10-18 16:35,0.833333
13-10-18 16:40,0.416667
13-10-18 16:45,0.333333
13-10-18 16:50,0.333333
13-10-18 16:55,0.0833333
14-10-18 7:00,0
14-10-18 7:05,0
14-10-18 7:10,0.0833333
14-10-18 7:15,0.25
14-10-18 7:20,0.25
14-10-18 7:25,0.25
14-10-18 7:30,0.25
14-10-18 7:35,0.25
14-10-18 7:40,0.416667
14-10-18 7:45,0.583333
14-10-18 7:50,0.583333
14-10-18 7:55,0.583333
14-10-18 8:00,0.666667
14-10-18 8:05,0.666667
14-10-18 8:10,0.583333
14-10-18 8:15,0.5
14-10-18 8:20,0.5
14-10-18 8:25,0.5
14-10-18 8:30,0.583333
14-10-18 8:35,0.583333
14-10-18 8:40,0.583333
14-10-18 8:45,0.666667
14-10-18 8:50,0.666667
14-10-18 8:55,0.583333
14-10-18 9:00,0.666667
14-10-18 9:05,0.666667
14-10-18 9:10,0.666667
14-10-18 9:15,0.833333
14-10-18 9:20,0.833333
14-10-18 9:25,0.833333
14-10-18 9:30,1
14-10-18 9:35,1
14-10-18 9:40,1.08333
14-10-18 9:45,1.41667
14-10-18 9:50,1.41667
14-10-18 9:55,1.33333
14-10-18 10:00,1.41667
14-10-18 10:05,1.41667
14-10-18 10:10,1.33333
14-10-18 10:15,1.58333
14-10-18 10:20,1.58333
14-10-18 10:25,1.41667
14-10-18 10:30,1.33333
14-10-18 10:35,1.33333
14-10-18 10:40,1.33333
14-10-18 10:45,1.58333
14-10-18 10:50,1.58333
14-10-18 10:55,1.5
14-10-18 11:00,1.5
14-10-18 11:05,1.5
14-10-18 11:10,1.5
14-10-18 11:15,1.58333
14-10-18 11:20,1.58333
14-10-18 11:25,1.5
14-10-18 11:30,1.66667
14-10-18 11:35,1.66667
14-10-18 11:40,1.75
14-10-18 11:45,2.16667
14-10-18 11:50,2.16667
14-10-18 11:55,2.33333
14-10-18 12:00,2.83333
14-10-18 12:05,2.83333
14-10-18 12:10,2.58333
14-10-18 12:15,2.58333
14-10-18 12:20,2.58333
14-10-18 12:25,2.33333
14-10-18 12:30,2.16667
14-10-18 12:35,2.16667
14-10-18 12:40,2.16667
14-10-18 12:45,2.5
14-10-18 12:50,2.5
14-10-18 12:55,2.33333
14-10-18 13:00,2.41667
14-10-18 13:05,2.41667
14-10-18 13:10,2.33333
14-10-18 13:15,2.66667
14-10-18 13:20,2.66667
14-10-18 13:25,2.41667
14-10-18 13:30,2.33333
14-10-18 13:35,2.33333
14-10-18 13:40,2.08333
14-10-18 13:45,1.91667
14-10-18 13:50,1.91667
14-10-18 13:55,1.91667
14-10-18 14:00,2.16667
14-10-18 14:05,2.16667
14-10-18 14:10,2.08333
14-10-18 14:15,2.5
14-10-18 14:20,2.5
14-10-18 14:25,2.5
14-10-18 14:30,3.16667
14-10-18 14:35,3.16667
14-10-18 14:40,3.33333
14-10-18 14:45,4.91667
14-10-18 14:50,4.91667
14-10-18 14:55,4.58333
14-10-18 15:00,5.58333
14-10-18 15:05,5.58333
14-10-18 15:10,4.75
14-10-18 15:15,3.58333
14-10-18 15:20,3.58333
14-10-18 15:25,3.16667
14-10-18 15:30,2.83333
14-10-18 15:35,2.83333
14-10-18 15:40,2.58333
14-10-18 15:45,2.33333
14-10-18 15:50,2.33333
14-10-18 15:55,1.91667
14-10-18 16:00,1.16667
14-10-18 16:05,1.16667
14-10-18 16:10,1
14-10-18 16:15,0.75
14-10-18 16:20,0.75
14-10-18 16:25,0.666667
14-10-18 16:30,0.583333
14-10-18 16:35,0.583333
14-10-18 16:40,0.5
14-10-18 16:45,0.416667
14-10-18 16:50,0.416667
14-10-18 16:55,0.333333
15-10-18 6:55,0
15-10-18 7:00,0
15-10-18 7:05,0
15-10-18 7:10,0
15-10-18 7:15,0
15-10-18 7:20,0
15-10-18 7:25,0
15-10-18 7:30,0.25
15-10-18 7:35,0.25
15-10-18 7:40,0.25
15-10-18 7:45,0.416667
15-10-18 7:50,0.5
15-10-18 7:55,0.5
15-10-18 8:00,0.75
15-10-18 8:05,0.75
15-10-18 8:10,0.75
15-10-18 8:15,0.583333
15-10-18 8:20,0.666667
15-10-18 8:25,0.666667
15-10-18 8:30,0.666667
15-10-18 8:35,0.75
15-10-18 8:40,0.75
15-10-18 8:45,1
15-10-18 8:50,1.08333
15-10-18 8:55,1.08333
15-10-18 9:00,1.58333
15-10-18 9:05,1.75
15-10-18 9:10,1.75
15-10-18 9:15,1.91667
15-10-18 9:20,2.08333
15-10-18 9:25,2.08333
15-10-18 9:30,2
15-10-18 9:35,2.16667
15-10-18 9:40,2.16667
15-10-18 9:45,2.33333
15-10-18 9:50,2.58333
15-10-18 9:55,2.58333
15-10-18 10:00,2.33333
15-10-18 10:05,2.5
15-10-18 10:10,2.5
15-10-18 10:15,2.25
15-10-18 10:20,2.5
15-10-18 10:25,2.5
15-10-18 10:30,2
15-10-18 10:35,2.08333
15-10-18 10:40,2.08333
15-10-18 10:45,2
15-10-18 10:50,2.16667
15-10-18 10:55,2.16667
15-10-18 11:00,2.91667
15-10-18 11:05,3.33333
15-10-18 11:10,3.33333
15-10-18 11:15,2.83333
15-10-18 11:20,3
15-10-18 11:25,3
15-10-18 11:30,2.83333
15-10-18 11:35,3.08333
15-10-18 11:40,3.08333
15-10-18 11:45,2
15-10-18 11:50,1.91667
15-10-18 11:55,1.91667
15-10-18 12:00,2
15-10-18 12:05,2.25
15-10-18 12:10,2.25
15-10-18 12:15,2.5
15-10-18 12:20,2.83333
15-10-18 12:25,2.83333
15-10-18 12:30,2.5
15-10-18 12:35,2.58333
15-10-18 12:40,2.58333
15-10-18 12:45,2.08333
15-10-18 12:50,2.16667
15-10-18 12:55,2.16667
15-10-18 13:00,2.91667
15-10-18 13:05,3.41667
15-10-18 13:10,3.41667
15-10-18 13:15,3.33333
15-10-18 13:20,3.58333
15-10-18 13:25,3.58333
15-10-18 13:30,2.91667
15-10-18 13:35,3
15-10-18 13:40,3
15-10-18 13:45,3.66667
15-10-18 13:50,4.25
15-10-18 13:55,4.25
15-10-18 14:00,2.58333
15-10-18 14:05,2.33333
15-10-18 14:10,2.33333
15-10-18 14:15,2.08333
15-10-18 14:20,2.25
15-10-18 14:25,2.25
15-10-18 14:30,3.33333
15-10-18 14:35,4.08333
15-10-18 14:40,4.08333
15-10-18 14:45,2.25
15-10-18 14:50,1.91667
15-10-18 14:55,1.91667
15-10-18 15:00,1.66667
15-10-18 15:05,1.66667
15-10-18 15:10,1.66667
15-10-18 15:15,1.16667
15-10-18 15:20,1
15-10-18 15:25,1
15-10-18 15:30,0.916667
15-10-18 15:35,0.916667
15-10-18 15:40,0.916667
15-10-18 15:45,0.833333
15-10-18 15:50,0.833333
15-10-18 15:55,0.833333
15-10-18 16:00,0.75
15-10-18 16:05,0.75
15-10-18 16:10,0.75
15-10-18 16:15,0.5
15-10-18 16:20,0.416667
15-10-18 16:25,0.416667
15-10-18 16:30,0.416667
15-10-18 16:35,0.416667
15-10-18 16:40,0.416667
15-10-18 16:45,0.416667
15-10-18 16:50,0.416667
15-10-18 16:55,0.416667
15-10-18 17:00,0.166667
16-10-18 6:40,0
16-10-18 6:45,0.0833333
16-10-18 6:50,0.25
16-10-18 6:55,0.25
16-10-18 7:00,0.25
16-10-18 7:05,0.25
16-10-18 7:10,0.25
16-10-18 7:15,0.416667
16-10-18 7:20,0.75
16-10-18 7:25,0.75
16-10-18 7:30,0.916667
16-10-18 7:35,1.5
16-10-18 7:40,1.5
16-10-18 7:45,1.41667
16-10-18 7:50,1.58333
16-10-18 7:55,1.58333
16-10-18 8:00,1.41667
16-10-18 8:05,1.41667
16-10-18 8:10,1.41667
16-10-18 8:15,1.25
16-10-18 8:20,1.16667
16-10-18 8:25,1.16667
16-10-18 8:30,1.41667
16-10-18 8:35,2.25
16-10-18 8:40,2.25
16-10-18 8:45,2.83333
16-10-18 8:50,5.25
16-10-18 8:55,5.25
16-10-18 9:00,6.83333
16-10-18 9:05,12.1667
16-10-18 9:10,12.1667
16-10-18 9:15,10.6667
16-10-18 9:20,10.0833
16-10-18 9:25,10.0833
16-10-18 9:30,9.58333
16-10-18 9:35,10.8333
16-10-18 9:40,10.8333
16-10-18 9:45,9.41667
16-10-18 9:50,9.25
16-10-18 9:55,9.25
16-10-18 10:00,9
16-10-18 10:05,10.3333
16-10-18 10:10,10.3333
16-10-18 10:15,9.5
16-10-18 10:20,9.75
16-10-18 10:25,9.75
16-10-18 10:30,10.6667
16-10-18 10:35,15.0833
16-10-18 10:40,15.0833
16-10-18 10:45,14.3333
16-10-18 10:50,15.0833
16-10-18 10:55,15.0833
16-10-18 11:00,13.8333
16-10-18 11:05,13.1667
16-10-18 11:10,13.1667
16-10-18 11:15,14.0833
16-10-18 11:20,19.3333
16-10-18 11:25,19.3333
16-10-18 11:30,19.4167
16-10-18 11:35,23.1667
16-10-18 11:40,23.1667
16-10-18 11:45,22.4167
16-10-18 11:50,24.3333
16-10-18 11:55,24.3333
16-10-18 12:00,22
16-10-18 12:05,18.5833
16-10-18 12:10,18.5833
16-10-18 12:15,16.6667
16-10-18 12:20,14.9167
16-10-18 12:25,14.9167
16-10-18 12:30,14.4167
16-10-18 12:35,16.0833
16-10-18 12:40,16.0833
16-10-18 12:45,14.4167
16-10-18 12:50,12.0833
16-10-18 12:55,12.0833
16-10-18 13:00,10.1667
16-10-18 13:05,6.83333
16-10-18 13:10,6.83333
16-10-18 13:15,6.16667
16-10-18 13:20,6.66667
16-10-18 13:25,6.66667
16-10-18 13:30,6.16667
16-10-18 13:35,7.83333
16-10-18 13:40,7.83333
16-10-18 13:45,7.66667
16-10-18 13:50,10.5
16-10-18 13:55,10.5
16-10-18 14:00,10.6667
16-10-18 14:05,15.5
16-10-18 14:10,15.5
16-10-18 14:15,12.6667
16-10-18 14:20,4
16-10-18 14:25,4
16-10-18 14:30,3.66667
16-10-18 14:35,3.5
16-10-18 14:40,3.5
16-10-18 14:45,3.16667
16-10-18 14:50,3
16-10-18 14:55,3
16-10-18 15:00,2.83333
16-10-18 15:05,3.58333
16-10-18 15:10,3.58333
16-10-18 15:15,3.16667
16-10-18 15:20,1.75
16-10-18 15:25,1.75
16-10-18 15:30,1.75
16-10-18 15:35,1.91667
16-10-18 15:40,1.91667
16-10-18 15:45,1.66667
16-10-18 15:50,0.833333
16-10-18 15:55,0.833333
16-10-18 16:00,0.75
16-10-18 16:05,0.25
16-10-18 16:10,0.25
16-10-18 16:15,0.25
16-10-18 16:20,0.166667
16-10-18 16:25,0.166667
16-10-18 16:30,0.166667
16-10-18 16:35,0.25
16-10-18 16:40,0.25
16-10-18 16:45,0.25
16-10-18 16:50,0.166667
16-10-18 16:55,0.166667
16-10-18 17:00,0.166667
17-10-18 6:45,0
17-10-18 6:50,0.25
17-10-18 6:55,0.333333
17-10-18 7:00,0.333333
17-10-18 7:05,0.333333
17-10-18 7:10,0.333333
17-10-18 7:15,0.333333
17-10-18 7:20,0.916667
17-10-18 7:25,1.08333
17-10-18 7:30,1.08333
17-10-18 7:35,1.41667
17-10-18 7:40,1.58333
17-10-18 7:45,1.58333
17-10-18 7:50,1.91667
17-10-18 7:55,2.16667
17-10-18 8:00,2.16667
17-10-18 8:05,2.75
17-10-18 8:10,3.08333
17-10-18 8:15,3.08333
17-10-18 8:20,3.25
17-10-18 8:25,3.58333
17-10-18 8:30,3.58333
17-10-18 8:35,3.83333
17-10-18 8:40,4.25
17-10-18 8:45,4.25
17-10-18 8:50,4.91667
17-10-18 8:55,5.58333
17-10-18 9:00,5.58333
17-10-18 9:05,6.91667
17-10-18 9:10,8.16667
17-10-18 9:15,8.16667
17-10-18 9:20,6.16667
17-10-18 9:25,6.58333
17-10-18 9:30,6.58333
17-10-18 9:35,9.25
17-10-18 9:40,11
17-10-18 9:45,11
17-10-18 9:50,8.08333
17-10-18 9:55,8.16667
17-10-18 10:00,8.16667
17-10-18 10:05,7.41667
17-10-18 10:10,8.16667
17-10-18 10:15,8.16667
17-10-18 10:20,8.5
17-10-18 10:25,9.83333
17-10-18 10:30,9.83333
17-10-18 10:35,9
17-10-18 10:40,9.83333
17-10-18 10:45,9.83333
17-10-18 10:50,8.83333
17-10-18 10:55,9.58333
17-10-18 11:00,9.58333
17-10-18 11:05,8.58333
17-10-18 11:10,9.5
17-10-18 11:15,9.5
17-10-18 11:20,8.58333
17-10-18 11:25,9.41667
17-10-18 11:30,9.41667
17-10-18 11:35,9.58333
17-10-18 11:40,10.6667
17-10-18 11:45,10.6667
17-10-18 11:50,10.75
17-10-18 11:55,11.75
17-10-18 12:00,11.75
17-10-18 12:05,9.5
17-10-18 12:10,9.75
17-10-18 12:15,9.75
17-10-18 12:20,8.16667
17-10-18 12:25,8.83333
17-10-18 12:30,8.83333
17-10-18 12:35,7.33333
17-10-18 12:40,7.75
17-10-18 12:45,7.75
17-10-18 12:50,7.33333
17-10-18 12:55,8.25
17-10-18 13:00,8.25
17-10-18 13:05,7.58333
17-10-18 13:10,8.41667
17-10-18 13:15,8.41667
17-10-18 13:20,6.16667
17-10-18 13:25,6
17-10-18 13:30,6
17-10-18 13:35,6
17-10-18 13:40,6.83333
17-10-18 13:45,6.83333
17-10-18 13:50,6.33333
17-10-18 13:55,6.75
17-10-18 14:00,6.75
17-10-18 14:05,5.25
17-10-18 14:10,5.08333
17-10-18 14:15,5.08333
17-10-18 14:20,4.25
17-10-18 14:25,4.41667
17-10-18 14:30,4.41667
17-10-18 14:35,3.75
17-10-18 14:40,3.91667
17-10-18 14:45,3.91667
17-10-18 14:50,4.16667
17-10-18 14:55,4.91667
17-10-18 15:00,4.91667
17-10-18 15:05,4
17-10-18 15:10,4.08333
17-10-18 15:15,4.08333
17-10-18 15:20,3.5
17-10-18 15:25,3.58333
17-10-18 15:30,3.58333
17-10-18 15:35,2.66667
17-10-18 15:40,2.5
17-10-18 15:45,2.5
17-10-18 15:50,1.75
17-10-18 15:55,1.5
17-10-18 16:00,1.5
17-10-18 16:05,1.33333
17-10-18 16:10,1.41667
17-10-18 16:15,1.41667
17-10-18 16:20,1.33333
17-10-18 16:25,1.41667
17-10-18 16:30,1.41667
17-10-18 16:35,1.16667
17-10-18 16:40,1.16667
17-10-18 16:45,1.16667
17-10-18 16:50,0.583333
17-10-18 16:55,0.333333
17-10-18 17:00,0.333333
17-10-18 17:05,0.166667
17-10-18 17:10,0
17-10-18 17:15,0
17-10-18 17:20,0
18-10-18 6:40,0
18-10-18 6:45,0
18-10-18 6:50,0.0833333
18-10-18 6:55,0.5
18-10-18 7:00,0.5
18-10-18 7:05,0.5
18-10-18 7:10,0.5
18-10-18 7:15,0.5
18-10-18 7:20,0.583333
18-10-18 7:25,0.916667
18-10-18 7:30,0.916667
18-10-18 7:35,0.916667
18-10-18 7:40,1.33333
18-10-18 7:45,1.33333
18-10-18 7:50,1.5
18-10-18 7:55,2.41667
18-10-18 8:00,2.41667
18-10-18 8:05,2.41667
18-10-18 8:10,3.5
18-10-18 8:15,3.5
18-10-18 8:20,3.25
18-10-18 8:25,3.58333
18-10-18 8:30,3.58333
18-10-18 8:35,3.41667
18-10-18 8:40,3.83333
18-10-18 8:45,3.83333
18-10-18 8:50,3.91667
18-10-18 8:55,5.83333
18-10-18 9:00,5.83333
18-10-18 9:05,5.91667
18-10-18 9:10,8.41667
18-10-18 9:15,8.41667
18-10-18 9:20,7.66667
18-10-18 9:25,8.58333
18-10-18 9:30,8.58333
18-10-18 9:35,8.66667
18-10-18 9:40,12.0833
18-10-18 9:45,12.0833
18-10-18 9:50,12.0833
18-10-18 9:55,15
18-10-18 10:00,15
18-10-18 10:05,14.4167
18-10-18 10:10,15.9167
18-10-18 10:15,15.9167
18-10-18 10:20,15
18-10-18 10:25,15.3333
18-10-18 10:30,15.3333
18-10-18 10:35,15.25
18-10-18 10:40,18.5833
18-10-18 10:45,18.5833
18-10-18 10:50,17.9167
18-10-18 10:55,19.5
18-10-18 11:00,19.5
18-10-18 11:05,18.6667
18-10-18 11:10,20.1667
18-10-18 11:15,20.1667
18-10-18 11:20,19.3333
18-10-18 11:25,20.8333
18-10-18 11:30,20.8333
18-10-18 11:35,20
18-10-18 11:40,21.1667
18-10-18 11:45,21.1667
18-10-18 11:50,20.25
18-10-18 11:55,21.4167
18-10-18 12:00,21.4167
18-10-18 12:05,20.4167
18-10-18 12:10,21.4167
18-10-18 12:15,21.4167
18-10-18 12:20,20.5
18-10-18 12:25,21.5
18-10-18 12:30,21.5
18-10-18 12:35,20.5833
18-10-18 12:40,21.3333
18-10-18 12:45,21.3333
18-10-18 12:50,20.25
18-10-18 12:55,21.0833
18-10-18 13:00,21.0833
18-10-18 13:05,20.0833
18-10-18 13:10,20.75
18-10-18 13:15,20.75
18-10-18 13:20,19.75
18-10-18 13:25,20.5
18-10-18 13:30,20.5
18-10-18 13:35,19.5
18-10-18 13:40,20.0833
18-10-18 13:45,20.0833
18-10-18 13:50,19.0833
18-10-18 13:55,19.25
18-10-18 14:00,19.25
18-10-18 14:05,18.25
18-10-18 14:10,18
18-10-18 14:15,18
18-10-18 14:20,16.9167
18-10-18 14:25,15.3333
18-10-18 14:30,15.3333
18-10-18 14:35,14.1667
18-10-18 14:40,11.4167
18-10-18 14:45,11.4167
18-10-18 14:50,10.4167
18-10-18 14:55,7.16667
18-10-18 15:00,7.16667
18-10-18 15:05,6.5
18-10-18 15:10,3.16667
18-10-18 15:15,3.16667
18-10-18 15:20,2.91667
18-10-18 15:25,1.5
18-10-18 15:30,1.5
18-10-18 15:35,1.41667
18-10-18 15:40,1.33333
18-10-18 15:45,1.33333
18-10-18 15:50,1.25
18-10-18 15:55,1.08333
18-10-18 16:00,1.08333
18-10-18 16:05,1
18-10-18 16:10,0.833333
18-10-18 16:15,0.833333
18-10-18 16:20,0.75
18-10-18 16:25,0.666667
18-10-18 16:30,0.666667
18-10-18 16:35,0.666667
18-10-18 16:40,0.5
18-10-18 16:45,0.5
18-10-18 16:50,0.416667
18-10-18 16:55,0.0833333
18-10-18 17:00,0.0833333
18-10-18 17:05,0.0833333
19-10-18 6:40,0.5
19-10-18 6:45,0.75
19-10-18 6:50,0.75
19-10-18 6:55,0.75
19-10-18 7:00,0.75
19-10-18 7:05,0.75
19-10-18 7:10,1.33333
19-10-18 7:15,1.66667
19-10-18 7:20,1.66667
19-10-18 7:25,1.83333
19-10-18 7:30,2
19-10-18 7:35,2
19-10-18 7:40,1.16667
19-10-18 7:45,0.916667
19-10-18 7:50,0.916667
19-10-18 7:55,0.833333
19-10-18 8:00,0.833333
19-10-18 8:05,0.833333
19-10-18 8:10,1.16667
19-10-18 8:15,1.41667
19-10-18 8:20,1.41667
19-10-18 8:25,1.41667
19-10-18 8:30,1.58333
19-10-18 8:35,1.58333
19-10-18 8:40,1.66667
19-10-18 8:45,1.75
19-10-18 8:50,1.75
19-10-18 8:55,3.66667
19-10-18 9:00,4.83333
19-10-18 9:05,4.83333
19-10-18 9:10,5.25
19-10-18 9:15,6.08333
19-10-18 9:20,6.08333
19-10-18 9:25,9.66667
19-10-18 9:30,12.0833
19-10-18 9:35,12.0833
19-10-18 9:40,10.0833
19-10-18 9:45,10.4167
19-10-18 9:50,10.4167
19-10-18 9:55,12.75
19-10-18 10:00,14.6667
19-10-18 10:05,14.6667
19-10-18 10:10,14
19-10-18 10:15,14.75
19-10-18 10:20,14.75
19-10-18 10:25,13.5
19-10-18 10:30,13.9167
19-10-18 10:35,13.9167
19-10-18 10:40,13.0833
19-10-18 10:45,13.9167
19-10-18 10:50,13.9167
19-10-18 10:55,17
19-10-18 11:00,19.75
19-10-18 11:05,19.75
19-10-18 11:10,18.4167
19-10-18 11:15,19
19-10-18 11:20,19
19-10-18 11:25,16.5833
19-10-18 11:30,16.9167
19-10-18 11:35,16.9167
19-10-18 11:40,13.8333
19-10-18 11:45,13.5833
19-10-18 11:50,13.5833
19-10-18 11:55,18.5
19-10-18 12:00,22.6667
19-10-18 12:05,22.6667
19-10-18 12:10,22.75
19-10-18 12:15,24.5
19-10-18 12:20,24.5
19-10-18 12:25,22.3333
19-10-18 12:30,22.8333
19-10-18 12:35,22.8333
19-10-18 12:40,15.8333
19-10-18 12:45,13.1667
19-10-18 12:50,13.1667
19-10-18 12:55,16.25
19-10-18 13:00,19.5
19-10-18 13:05,19.5
19-10-18 13:10,18.5833
19-10-18 13:15,19.5
19-10-18 13:20,19.5
19-10-18 13:25,18.5
19-10-18 13:30,19.5
19-10-18 13:35,19.5
19-10-18 13:40,17.75
19-10-18 13:45,18.25
19-10-18 13:50,18.25
19-10-18 13:55,14.6667
19-10-18 14:00,13.5833
19-10-18 14:05,13.5833
19-10-18 14:10,9.58333
19-10-18 14:15,8
19-10-18 14:20,8
19-10-18 14:25,10.5833
19-10-18 14:30,13.5833
19-10-18 14:35,13.5833
19-10-18 14:40,11.0833
19-10-18 14:45,10.6667
19-10-18 14:50,10.6667
19-10-18 14:55,8.66667
19-10-18 15:00,8.16667
19-10-18 15:05,8.16667
19-10-18 15:10,5.66667
19-10-18 15:15,4.5
19-10-18 15:20,4.5
19-10-18 15:25,3.25
19-10-18 15:30,2.58333
19-10-18 15:35,2.58333
19-10-18 15:40,2.25
19-10-18 15:45,2.16667
19-10-18 15:50,2.16667
19-10-18 15:55,1.58333
19-10-18 16:00,1.25
19-10-18 16:05,1.25
19-10-18 16:10,0.916667
19-10-18 16:15,0.666667
19-10-18 16:20,0.666667
19-10-18 16:25,0.75
19-10-18 16:30,0.916667
19-10-18 16:35,0.916667
19-10-18 16:40,0.666667
19-10-18 16:45,0.5
19-10-18 16:50,0.5
19-10-18 16:55,0.25
20-10-18 6:50,0
20-10-18 6:55,0
20-10-18 7:00,0.166667
20-10-18 7:05,0.166667
20-10-18 7:10,0.25
20-10-18 7:15,0.5
20-10-18 7:20,0.5
20-10-18 7:25,0.5
20-10-18 7:30,0.583333
20-10-18 7:35,0.583333
20-10-18 7:40,0.583333
20-10-18 7:45,0.75
20-10-18 7:50,0.75
20-10-18 7:55,0.75
20-10-18 8:00,1
20-10-18 8:05,1
20-10-18 8:10,0.916667
20-10-18 8:15,0.833333
20-10-18 8:20,0.833333
20-10-18 8:25,0.916667
20-10-18 8:30,2.25
20-10-18 8:35,2.25
20-10-18 8:40,2.41667
20-10-18 8:45,4.66667
20-10-18 8:50,4.66667
20-10-18 8:55,4.5
20-10-18 9:00,6.66667
20-10-18 9:05,6.66667
20-10-18 9:10,6.08333
20-10-18 9:15,6.91667
20-10-18 9:20,6.91667
20-10-18 9:25,6.25
20-10-18 9:30,7.08333
20-10-18 9:35,7.08333
20-10-18 9:40,6.33333
20-10-18 9:45,4.66667
20-10-18 9:50,4.66667
20-10-18 9:55,4.25
20-10-18 10:00,4
20-10-18 10:05,4
20-10-18 10:10,3.66667
20-10-18 10:15,4.41667
20-10-18 10:20,4.41667
20-10-18 10:25,4.41667
20-10-18 10:30,7.41667
20-10-18 10:35,7.41667
20-10-18 10:40,6.91667
20-10-18 10:45,7.5
20-10-18 10:50,7.5
20-10-18 10:55,6.91667
20-10-18 11:00,7.16667
20-10-18 11:05,7.16667
20-10-18 11:10,6.66667
20-10-18 11:15,6.33333
20-10-18 11:20,6.33333
20-10-18 11:25,5.91667
20-10-18 11:30,6.75
20-10-18 11:35,6.75
20-10-18 11:40,6.25
20-10-18 11:45,7.83333
20-10-18 11:50,7.83333
20-10-18 11:55,7.58333
20-10-18 12:00,14.0833
20-10-18 12:05,14.0833
20-10-18 12:10,12.8333
20-10-18 12:15,7.83333
20-10-18 12:20,7.83333
20-10-18 12:25,7.33333
20-10-18 12:30,10.5833
20-10-18 12:35,10.5833
20-10-18 12:40,9.66667
20-10-18 12:45,8.08333
20-10-18 12:50,8.08333
20-10-18 12:55,7.41667
20-10-18 13:00,8.58333
20-10-18 13:05,8.75
20-10-18 13:10,8.08333
20-10-18 13:15,8.5
20-10-18 13:20,8.66667
20-10-18 13:25,7.91667
20-10-18 13:30,4.83333
20-10-18 13:35,4.91667
20-10-18 13:40,4.5
20-10-18 13:45,4.16667
20-10-18 13:50,4.16667
20-10-18 13:55,4.08333
20-10-18 14:00,16.1667
20-10-18 14:05,16.1667
20-10-18 14:10,15.1667
20-10-18 14:15,17.3333
20-10-18 14:20,17.3333
20-10-18 14:25,16.4167
20-10-18 14:30,15.5833
20-10-18 14:35,15.5833
20-10-18 14:40,14.75
20-10-18 14:45,9.08333
20-10-18 14:50,9.5
20-10-18 14:55,9.08333
20-10-18 15:00,3.58333
20-10-18 15:05,3.66667
20-10-18 15:10,3.5
20-10-18 15:15,1.66667
20-10-18 15:20,1.75
20-10-18 15:25,1.66667
20-10-18 15:30,1.58333
20-10-18 15:35,1.66667
20-10-18 15:40,1.58333
20-10-18 15:45,1.41667
20-10-18 15:50,1.5
20-10-18 15:55,1.41667
20-10-18 16:00,0.916667
20-10-18 16:05,0.916667
20-10-18 16:10,0.916667
20-10-18 16:15,1.08333
20-10-18 16:20,1.16667
20-10-18 16:25,1.16667
20-10-18 16:30,0.5
20-10-18 16:35,0.583333
20-10-18 16:40,0.583333
20-10-18 16:45,0.166667
20-10-18 16:50,0.166667
20-10-18 16:55,0.166667
20-10-18 17:00,0
20-10-18 17:05,0
20-10-18 17:10,0
21-10-18 6:45,0.166667
21-10-18 6:50,0.25
21-10-18 6:55,0.25
21-10-18 7:00,0.25
21-10-18 7:05,0.25
21-10-18 7:10,0.25
21-10-18 7:15,0.5
21-10-18 7:20,0.75
21-10-18 7:25,0.75
21-10-18 7:30,1.25
21-10-18 7:35,1.58333
21-10-18 7:40,1.58333
21-10-18 7:45,1.58333
21-10-18 7:50,1.75
21-10-18 7:55,1.75
21-10-18 8:00,1.58333
21-10-18 8:05,1.66667
21-10-18 8:10,1.66667
21-10-18 8:15,1.75
21-10-18 8:20,2
21-10-18 8:25,2
21-10-18 8:30,2.91667
21-10-18 8:35,3.75
21-10-18 8:40,3.75
21-10-18 8:45,3.16667
21-10-18 8:50,3.16667
21-10-18 8:55,3.16667
21-10-18 9:00,3.58333
21-10-18 9:05,4.33333
21-10-18 9:10,4.33333
21-10-18 9:15,5.08333
21-10-18 9:20,6.08333
21-10-18 9:25,6.08333
21-10-18 9:30,9
21-10-18 9:35,11.6667
21-10-18 9:40,11.6667
21-10-18 9:45,11.8333
21-10-18 9:50,12.9167
21-10-18 9:55,12.9167
21-10-18 10:00,12.5833
21-10-18 10:05,13.4167
21-10-18 10:10,13.4167
21-10-18 10:15,12.1667
21-10-18 10:20,12.4167
21-10-18 10:25,12.4167
21-10-18 10:30,12.9167
21-10-18 10:35,14.5
21-10-18 10:40,14.5
21-10-18 10:45,16.25
21-10-18 10:50,18.8333
21-10-18 10:55,18.8333
21-10-18 11:00,13.5833
21-10-18 11:05,11.5
21-10-18 11:10,11.5
21-10-18 11:15,11.4167
21-10-18 11:20,12.6667
21-10-18 11:25,12.6667
21-10-18 11:30,10.8333
21-10-18 11:35,11.0833
21-10-18 11:40,11.0833
21-10-18 11:45,10.5833
21-10-18 11:50,12.1667
21-10-18 11:55,12.1667
21-10-18 12:00,10.0833
21-10-18 12:05,9.83333
21-10-18 12:10,9.83333
21-10-18 12:15,9.41667
21-10-18 12:20,10.5
21-10-18 12:25,10.5
21-10-18 12:30,8.08333
21-10-18 12:35,7.16667
21-10-18 12:40,7.16667
21-10-18 12:45,6.08333
21-10-18 12:50,6.41667
21-10-18 12:55,6.41667
21-10-18 13:00,5.58333
21-10-18 13:05,5.91667
21-10-18 13:10,5.91667
21-10-18 13:15,5.5
21-10-18 13:20,6.16667
21-10-18 13:25,6.16667
21-10-18 13:30,10.25
21-10-18 13:35,15.5833
21-10-18 13:40,15.5833
21-10-18 13:45,12
21-10-18 13:50,10.4167
21-10-18 13:55,10.4167
21-10-18 14:00,14
21-10-18 14:05,19
21-10-18 14:10,19
21-10-18 14:15,15.3333
21-10-18 14:20,13.75
21-10-18 14:25,13.75
21-10-18 14:30,7.5
21-10-18 14:35,2.41667
21-10-18 14:40,2.41667
21-10-18 14:45,1.66667
21-10-18 14:50,1.08333
21-10-18 14:55,1.08333
21-10-18 15:00,0.75
21-10-18 15:05,0.5
21-10-18 15:10,0.5
21-10-18 15:15,0.916667
21-10-18 15:20,1.5
21-10-18 15:25,1.5
21-10-18 15:30,1.91667
21-10-18 15:35,2.66667
21-10-18 15:40,2.66667
21-10-18 15:45,2.25
21-10-18 15:50,2.08333
21-10-18 15:55,2.08333
21-10-18 16:00,1.83333
21-10-18 16:05,1.83333
21-10-18 16:10,1.83333
21-10-18 16:15,1.58333
21-10-18 16:20,1.5
21-10-18 16:25,1.5
21-10-18 16:30,1.08333
21-10-18 16:35,0.666667
21-10-18 16:40,0.666667
21-10-18 16:45,0.416667
21-10-18 16:50,0.0833333
21-10-18 16:55,0.0833333
21-10-18 17:00,0.0833333
22-10-18 6:45,0
22-10-18 6:50,0.25
22-10-18 6:55,0.25
22-10-18 7:00,0.25
22-10-18 7:05,0.25
22-10-18 7:10,0.25
22-10-18 7:15,0.333333
22-10-18 7:20,0.75
22-10-18 7:25,0.75
22-10-18 7:30,0.666667
22-10-18 7:35,0.916667
22-10-18 7:40,0.916667
22-10-18 7:45,0.833333
22-10-18 7:50,1.08333
22-10-18 7:55,1.08333
22-10-18 8:00,1
22-10-18 8:05,1.25
22-10-18 8:10,1.25
22-10-18 8:15,1.16667
22-10-18 8:20,1.33333
22-10-18 8:25,1.33333
22-10-18 8:30,1.33333
22-10-18 8:35,1.5
22-10-18 8:40,1.5
22-10-18 8:45,1.41667
22-10-18 8:50,1.58333
22-10-18 8:55,1.58333
22-10-18 9:00,1.66667
22-10-18 9:05,4.16667
22-10-18 9:10,4.16667
22-10-18 9:15,4
22-10-18 9:20,6.66667
22-10-18 9:25,6.66667
22-10-18 9:30,6.66667
22-10-18 9:35,12.25
22-10-18 9:40,12.25
22-10-18 9:45,11.75
22-10-18 9:50,13.8333
22-10-18 9:55,13.8333
22-10-18 10:00,13.0833
22-10-18 10:05,12.9167
22-10-18 10:10,12.9167
22-10-18 10:15,11.6667
22-10-18 10:30,0.583333
22-10-18 10:35,15.5
22-10-18 10:40,15.5
22-10-18 10:45,14.75
22-10-18 10:50,18.25
22-10-18 10:55,18.25
22-10-18 11:00,17.4167
22-10-18 11:05,18.9167
22-10-18 11:10,18.9167
22-10-18 11:15,18
22-10-18 11:20,19.3333
22-10-18 11:25,19.3333
22-10-18 11:30,18.3333
22-10-18 11:35,19.8333
22-10-18 11:40,19.8333
22-10-18 11:45,18.8333
22-10-18 11:50,20
22-10-18 11:55,20
22-10-18 12:00,19
22-10-18 12:05,17.9167
22-10-18 12:10,18
22-10-18 12:15,17.1667
22-10-18 12:20,20.5
22-10-18 12:25,20.5
22-10-18 12:30,19.5833
22-10-18 12:35,20.1667
22-10-18 12:40,20.3333
22-10-18 12:45,19.5833
22-10-18 12:50,19.9167
22-10-18 12:55,20.1667
22-10-18 13:00,19.5
22-10-18 13:05,19.6667
22-10-18 13:10,20.0833
22-10-18 13:15,19.6667
22-10-18 13:20,19.0833
22-10-18 13:25,19.6667
22-10-18 13:30,19.3333
22-10-18 13:35,18.5
22-10-18 13:40,19.1667
22-10-18 13:45,18.9167
22-10-18 13:50,18.3333
22-10-18 13:55,19
22-10-18 14:00,18.9167
22-10-18 14:05,15.1667
22-10-18 14:10,15.9167
22-10-18 14:15,15.9167
22-10-18 14:20,12.4167
22-10-18 14:25,13.0833
22-10-18 14:30,13.0833
22-10-18 14:35,8.25
22-10-18 14:40,8.91667
22-10-18 14:45,8.91667
22-10-18 14:50,3.75
22-10-18 14:55,4
22-10-18 15:00,4
22-10-18 15:05,3.08333
22-10-18 15:10,3.33333
22-10-18 15:15,3.33333
22-10-18 15:20,2.16667
22-10-18 15:25,2.33333
22-10-18 15:30,2.33333
22-10-18 15:35,1.5
22-10-18 15:40,1.58333
22-10-18 15:45,1.58333
22-10-18 15:50,1.25
22-10-18 15:55,1.33333
22-10-18 16:00,1.33333
22-10-18 16:05,0.833333
22-10-18 16:10,0.833333
22-10-18 16:15,0.833333
22-10-18 16:20,0.583333
22-10-18 16:25,0.583333
22-10-18 16:30,0.583333
22-10-18 16:35,0.333333
22-10-18 16:40,0.333333
22-10-18 16:45,0.333333
22-10-18 16:50,0
23-10-18 7:00,0
23-10-18 7:05,0.25
23-10-18 7:10,0.5
23-10-18 7:15,0.5
23-10-18 7:20,0.5
23-10-18 7:25,0.5
23-10-18 7:30,0.5
23-10-18 7:35,0.916667
23-10-18 7:40,1.33333
23-10-18 7:45,1.33333
23-10-18 7:50,1.58333
23-10-18 7:55,1.91667
23-10-18 8:00,1.91667
23-10-18 8:05,2.16667
23-10-18 8:10,2.58333
23-10-18 8:15,2.58333
23-10-18 8:20,2.75
23-10-18 8:25,3.16667
23-10-18 8:30,3.16667
23-10-18 8:35,3.33333
23-10-18 8:40,3.91667
23-10-18 8:45,3.91667
23-10-18 8:50,4
23-10-18 8:55,4.58333
23-10-18 9:00,4.58333
23-10-18 9:05,4.66667
23-10-18 9:10,5.58333
23-10-18 9:15,5.58333
23-10-18 9:20,5.75
23-10-18 9:25,7
23-10-18 9:30,7
23-10-18 9:35,6.83333
23-10-18 9:40,8
23-10-18 9:45,8
23-10-18 9:50,8.33333
23-10-18 9:55,9.91667
23-10-18 10:00,9.91667
23-10-18 10:05,9.5
23-10-18 10:10,10.6667
23-10-18 10:15,10.6667
23-10-18 10:20,11.5
23-10-18 10:25,13.4167
23-10-18 10:30,13.4167
23-10-18 10:35,9.33333
23-10-18 10:40,7
23-10-18 10:45,7
23-10-18 10:50,8.83333
23-10-18 10:55,11.6667
23-10-18 11:00,11.6667
23-10-18 11:05,13.25
23-10-18 11:10,16.0833
23-10-18 11:15,16.0833
23-10-18 11:20,16.0833
23-10-18 11:25,17.8333
23-10-18 11:30,17.8333
23-10-18 11:35,17.25
23-10-18 11:40,18.3333
23-10-18 11:45,18.3333
23-10-18 11:50,17.5
23-10-18 11:55,18.5
23-10-18 12:00,18.5
23-10-18 12:05,18.25
23-10-18 12:10,19.8333
23-10-18 12:15,19.8333
23-10-18 12:20,17.8333
23-10-18 12:25,17.6667
23-10-18 12:30,17.6667
23-10-18 12:35,16.0833
23-10-18 12:40,16.1667
23-10-18 12:45,16.1667
23-10-18 12:50,15.6667
23-10-18 12:55,16.8333
23-10-18 13:00,16.8333
23-10-18 13:05,16.6667
23-10-18 13:10,18.5
23-10-18 13:15,18.5
23-10-18 13:20,17.5833
23-10-18 13:25,18.4167
23-10-18 13:30,18.4167
23-10-18 13:35,15.8333
23-10-18 13:40,14.9167
23-10-18 13:45,14.9167
23-10-18 13:50,13.4167
23-10-18 13:55,13.5
23-10-18 14:00,13.5
23-10-18 14:05,13
23-10-18 14:10,14.0833
23-10-18 14:15,14.0833
23-10-18 14:20,12
23-10-18 14:25,11.3333
23-10-18 14:30,11.3333
23-10-18 14:35,8.91667
23-10-18 14:40,7.58333
23-10-18 14:45,7.58333
23-10-18 14:50,5.75
23-10-18 14:55,4.08333
23-10-18 15:00,4.08333
23-10-18 15:05,3.33333
23-10-18 15:10,2.83333
23-10-18 15:15,2.83333
23-10-18 15:20,2.16667
23-10-18 15:25,1.5
23-10-18 15:30,1.5
23-10-18 15:35,1.41667
23-10-18 15:40,1.33333
23-10-18 15:45,1.33333
23-10-18 15:50,1.5
23-10-18 15:55,1.91667
23-10-18 16:00,1.91667
23-10-18 16:05,1.41667
23-10-18 16:10,0.833333
23-10-18 16:15,0.833333
23-10-18 16:20,0.583333
23-10-18 16:25,0.25
23-10-18 16:30,0.25
23-10-18 16:35,0.166667
24-10-18 6:55,0.0833333
24-10-18 7:00,0.0833333
24-10-18 7:05,0.0833333
24-10-18 7:10,0.416667
24-10-18 7:15,0.416667
24-10-18 7:20,0.416667
24-10-18 7:25,0.666667
24-10-18 7:30,0.666667
24-10-18 7:35,0.666667
24-10-18 7:40,1
24-10-18 7:45,1
24-10-18 7:50,0.916667
24-10-18 7:55,1.5
24-10-18 8:00,1.5
24-10-18 8:05,1.41667
24-10-18 8:10,1.08333
24-10-18 8:15,1.08333
24-10-18 8:20,1
24-10-18 8:25,1.16667
24-10-18 8:30,1.16667
24-10-18 8:35,1.08333
24-10-18 8:40,1.25
24-10-18 8:45,1.25
24-10-18 8:50,1.16667
24-10-18 8:55,1.41667
24-10-18 9:00,1.41667
24-10-18 9:05,1.33333
24-10-18 9:10,3.91667
24-10-18 9:15,4
24-10-18 9:20,3.91667
24-10-18 9:25,6.25
24-10-18 9:30,6.41667
24-10-18 9:35,6.25
24-10-18 9:40,11.6667
24-10-18 9:45,12
24-10-18 9:50,11.75
24-10-18 9:55,11.8333
24-10-18 10:00,12.25
24-10-18 10:05,12.0833
24-10-18 10:10,10.75
24-10-18 10:15,11.25
24-10-18 10:20,11.25
24-10-18 10:25,12.25
24-10-18 10:30,13.0833
24-10-18 10:35,13.0833
24-10-18 10:40,14.3333
24-10-18 10:45,15.1667
24-10-18 10:50,15.1667
24-10-18 10:55,16.5833
24-10-18 11:00,17.4167
24-10-18 11:05,17.4167
24-10-18 11:10,16.75
24-10-18 11:15,17.5833
24-10-18 11:20,17.5833
24-10-18 11:25,14.25
24-10-18 11:30,14.8333
24-10-18 11:35,14.8333
24-10-18 11:40,13.9167
24-10-18 11:45,14.6667
24-10-18 11:50,14.6667
24-10-18 11:55,13.5833
24-10-18 12:00,14.4167
24-10-18 12:05,14.4167
24-10-18 12:10,14.1667
24-10-18 12:15,14.9167
24-10-18 12:20,14.9167
24-10-18 12:25,17.1667
24-10-18 12:30,18.1667
24-10-18 12:35,18.1667
24-10-18 12:40,18.5
24-10-18 12:45,19.3333
24-10-18 12:50,19.3333
24-10-18 12:55,18.4167
24-10-18 13:00,19.4167
24-10-18 13:05,19.4167
24-10-18 13:10,18.4167
24-10-18 13:15,19.3333
24-10-18 13:20,19.3333
24-10-18 13:25,17.5833
24-10-18 13:30,18.4167
24-10-18 13:35,18.4167
24-10-18 13:40,16.25
24-10-18 13:45,17
24-10-18 13:50,17
24-10-18 13:55,16.6667
24-10-18 14:00,17.5
24-10-18 14:05,17.5
24-10-18 14:10,14
24-10-18 14:15,14.4167
24-10-18 14:20,14.4167
24-10-18 14:25,11.8333
24-10-18 14:30,12.3333
24-10-18 14:35,12.3333
24-10-18 14:40,7.41667
24-10-18 14:45,7.66667
24-10-18 14:50,7.66667
24-10-18 14:55,3.75
24-10-18 15:00,3.58333
24-10-18 15:05,3.58333
24-10-18 15:10,3.08333
24-10-18 15:15,3.25
24-10-18 15:20,3.25
24-10-18 15:25,3.08333
24-10-18 15:30,3.33333
24-10-18 15:35,3.33333
24-10-18 15:40,2.58333
24-10-18 15:45,2.66667
24-10-18 15:50,2.66667
24-10-18 15:55,1.66667
24-10-18 16:00,1.58333
24-10-18 16:05,1.58333
24-10-18 16:10,1.16667
24-10-18 16:15,1.16667
24-10-18 16:20,1.16667
24-10-18 16:25,0.833333
24-10-18 16:30,0.833333
24-10-18 16:35,0.833333
24-10-18 16:40,0.333333
24-10-18 16:45,0.25
24-10-18 16:50,0.25
24-10-18 16:55,0
25-10-18 6:50,0
25-10-18 6:55,0
25-10-18 7:00,0.166667
25-10-18 7:05,0.166667
25-10-18 7:10,0.25
25-10-18 7:15,0.333333
25-10-18 7:20,0.333333
25-10-18 7:25,0.5
25-10-18 7:30,0.666667
25-10-18 7:35,0.666667
25-10-18 7:40,0.666667
25-10-18 7:45,0.75
25-10-18 7:50,0.75
25-10-18 7:55,0.75
25-10-18 8:00,0.833333
25-10-18 8:05,0.833333
25-10-18 8:10,0.833333
25-10-18 8:15,0.916667
25-10-18 8:20,0.916667
25-10-18 8:25,0.916667
25-10-18 8:30,1
25-10-18 8:35,1
25-10-18 8:40,1
25-10-18 8:45,1.08333
25-10-18 8:50,1.08333
25-10-18 8:55,1.08333
25-10-18 9:00,1.16667
25-10-18 9:05,1.16667
25-10-18 9:10,2.25
25-10-18 9:15,3.83333
25-10-18 9:20,3.83333
25-10-18 9:25,4.75
25-10-18 9:30,6.41667
25-10-18 9:35,6.41667
25-10-18 9:40,8.66667
25-10-18 9:45,12.4167
25-10-18 9:50,12.4167
25-10-18 9:55,10.8333
25-10-18 10:00,10.6667
25-10-18 10:05,10.6667
25-10-18 10:10,10.1667
25-10-18 10:15,11.3333
25-10-18 10:20,11.3333
25-10-18 10:25,11.1667
25-10-18 10:30,13.0833
25-10-18 10:35,13.0833
25-10-18 10:40,13.5
25-10-18 10:45,15.5833
25-10-18 10:50,15.5833
25-10-18 10:55,15.8333
25-10-18 11:00,17.6667
25-10-18 11:05,17.6667
25-10-18 11:10,17.1667
25-10-18 11:15,18.3333
25-10-18 11:20,18.3333
25-10-18 11:25,17.75
25-10-18 11:30,18.75
25-10-18 11:35,18.75
25-10-18 11:40,18.0833
25-10-18 11:45,19.4167
25-10-18 11:50,19.4167
25-10-18 11:55,18.5
25-10-18 12:00,19.75
25-10-18 12:05,19.75
25-10-18 12:10,18.9167
25-10-18 12:15,19.8333
25-10-18 12:20,19.8333
25-10-18 12:25,18.8333
25-10-18 12:30,19.75
25-10-18 12:35,19.75
25-10-18 12:40,18.8333
25-10-18 12:45,19.6667
25-10-18 12:50,19.6667
25-10-18 12:55,18.5833
25-10-18 13:00,19.4167
25-10-18 13:05,19.4167
25-10-18 13:10,18.25
25-10-18 13:15,19
25-10-18 13:20,19
25-10-18 13:25,18
25-10-18 13:30,18.5833
25-10-18 13:35,18.5833
25-10-18 13:40,17.4167
25-10-18 13:45,17.9167
25-10-18 13:50,17.9167
25-10-18 13:55,12.6667
25-10-18 14:00,5.5
25-10-18 14:05,5.5
25-10-18 14:10,4.91667
25-10-18 14:15,5.08333
25-10-18 14:20,5.08333
25-10-18 14:25,6.33333
25-10-18 14:30,10.3333
25-10-18 14:35,10.3333
25-10-18 14:40,8.83333
25-10-18 14:45,8.41667
25-10-18 14:50,8.41667
25-10-18 14:55,6.33333
25-10-18 15:00,3.41667
25-10-18 15:05,3.41667
25-10-18 15:10,2.91667
25-10-18 15:15,2.25
25-10-18 15:20,2.25
25-10-18 15:25,1.83333
25-10-18 15:30,1.16667
25-10-18 15:35,1.16667
25-10-18 15:40,1.08333
25-10-18 15:45,1.16667
25-10-18 15:50,1.16667
25-10-18 15:55,1
25-10-18 16:00,0.75
25-10-18 16:05,0.75
25-10-18 16:10,0.583333
25-10-18 16:15,0.5
25-10-18 16:20,0.5
25-10-18 16:25,0.333333
25-10-18 16:30,0.0833333
25-10-18 16:35,0.0833333
25-10-18 16:40,0.0833333
26-10-18 6:55,0
26-10-18 7:00,0.333333
26-10-18 7:05,0.333333
26-10-18 7:10,0.333333
26-10-18 7:15,0.333333
26-10-18 7:20,0.333333
26-10-18 7:25,0.333333
26-10-18 7:30,0.583333
26-10-18 7:35,0.583333
26-10-18 7:40,0.583333
26-10-18 7:45,0.833333
26-10-18 7:50,0.916667
26-10-18 7:55,0.916667
26-10-18 8:00,0.916667
26-10-18 8:05,1
26-10-18 8:10,1
26-10-18 8:15,1
26-10-18 8:20,1.08333
26-10-18 8:25,1.08333
26-10-18 8:30,3.33333
26-10-18 8:35,3.58333
26-10-18 8:40,3.58333
26-10-18 8:45,4
26-10-18 8:50,4.33333
26-10-18 8:55,4.33333
26-10-18 9:00,3.75
26-10-18 9:05,4
26-10-18 9:10,4
26-10-18 9:15,6.41667
26-10-18 9:20,7
26-10-18 9:25,7
26-10-18 9:30,5
26-10-18 9:35,5.41667
26-10-18 9:40,5.41667
26-10-18 9:45,9.91667
26-10-18 9:50,10.9167
26-10-18 9:55,10.9167
26-10-18 10:00,11
26-10-18 10:05,11.75
26-10-18 10:10,11.75
26-10-18 10:15,11.5833
26-10-18 10:20,12.4167
26-10-18 10:25,12.4167
26-10-18 10:30,12
26-10-18 10:35,12.8333
26-10-18 10:40,12.8333
26-10-18 10:45,14.5833
26-10-18 10:50,15.5833
26-10-18 10:55,15.5833
26-10-18 11:00,6.91667
26-10-18 11:05,6.91667
26-10-18 11:10,6.91667
26-10-18 11:15,6.16667
26-10-18 11:20,6.66667
26-10-18 11:25,6.66667
26-10-18 11:30,13.4167
26-10-18 11:35,15.0833
26-10-18 11:40,15.0833
26-10-18 11:45,13.75
26-10-18 11:50,14.5833
26-10-18 11:55,14.5833
26-10-18 12:00,18.5833
26-10-18 12:05,20
26-10-18 12:10,20
26-10-18 12:15,9.08333
26-10-18 12:20,8.5
26-10-18 12:25,8.5
26-10-18 12:30,9.16667
26-10-18 12:35,10.0833
26-10-18 12:40,10.0833
26-10-18 12:45,15.25
26-10-18 12:50,17
26-10-18 12:55,17
26-10-18 13:00,19.25
26-10-18 13:05,20.6667
26-10-18 13:10,20.6667
26-10-18 13:15,16.9167
26-10-18 13:20,17.3333
26-10-18 13:25,17.3333
26-10-18 13:30,8.91667
26-10-18 13:35,8.25
26-10-18 13:40,8.25
26-10-18 13:45,8.5
26-10-18 13:50,9.25
26-10-18 13:55,9.25
26-10-18 14:00,13.8333
26-10-18 14:05,15.5833
26-10-18 14:10,15.5833
26-10-18 14:15,9.66667
26-10-18 14:20,9.16667
26-10-18 14:25,9.16667
26-10-18 14:30,4.75
26-10-18 14:35,4.33333
26-10-18 14:40,4.33333
26-10-18 14:45,3.41667
26-10-18 14:50,3.58333
26-10-18 14:55,3.58333
26-10-18 15:00,1.66667
26-10-18 15:05,1.33333
26-10-18 15:10,1.33333
26-10-18 15:15,2.08333
26-10-18 15:20,2.41667
26-10-18 15:25,2.41667
26-10-18 15:30,2.66667
26-10-18 15:35,2.91667
26-10-18 15:40,2.91667
26-10-18 15:45,1.5
26-10-18 15:50,1.33333
26-10-18 15:55,1.33333
26-10-18 16:00,0.75
26-10-18 16:05,0.666667
26-10-18 16:10,0.666667
26-10-18 16:15,0.583333
26-10-18 16:20,0.583333
26-10-18 16:25,0.583333
26-10-18 16:30,0.333333
26-10-18 16:35,0.333333
26-10-18 16:40,0.333333
26-10-18 16:45,0.0833333
27-10-18 6:55,0
27-10-18 7:00,0.0833333
27-10-18 7:05,0.25
27-10-18 7:10,0.25
27-10-18 7:15,0.25
27-10-18 7:20,0.25
27-10-18 7:25,0.25
27-10-18 7:30,0.833333
27-10-18 7:35,1.58333
27-10-18 7:40,1.58333
27-10-18 7:45,1.41667
27-10-18 7:50,1.41667
27-10-18 7:55,1.41667
27-10-18 8:00,2
27-10-18 8:05,3.25
27-10-18 8:10,3.25
27-10-18 8:15,3
27-10-18 8:20,3.08333
27-10-18 8:25,3.08333
27-10-18 8:30,2.58333
27-10-18 8:35,2.25
27-10-18 8:40,2.25
27-10-18 8:45,2.25
27-10-18 8:50,2.5
27-10-18 8:55,2.5
27-10-18 9:00,3.25
27-10-18 9:05,5.08333
27-10-18 9:10,5.08333
27-10-18 9:15,4.41667
27-10-18 9:20,4.5
27-10-18 9:25,4.5
27-10-18 9:30,3.83333
27-10-18 9:35,3.58333
27-10-18 9:40,3.58333
27-10-18 9:45,3.25
27-10-18 9:50,3.25
27-10-18 9:55,3.25
27-10-18 10:00,3.83333
27-10-18 10:05,5.91667
27-10-18 10:10,5.91667
27-10-18 10:15,4.66667
27-10-18 10:20,3.5
27-10-18 10:25,3.5
27-10-18 10:30,3.75
27-10-18 10:35,5.16667
27-10-18 10:40,5.16667
27-10-18 10:45,6
27-10-18 10:50,9.08333
27-10-18 10:55,9.08333
27-10-18 11:00,11.4167
27-10-18 11:05,17
27-10-18 11:10,17
27-10-18 11:15,13.6667
27-10-18 11:20,10.3333
27-10-18 11:25,10.3333
27-10-18 11:30,7.83333
27-10-18 11:35,4.75
27-10-18 11:40,4.75
27-10-18 11:45,4.41667
27-10-18 11:50,4.83333
27-10-18 11:55,4.83333
27-10-18 12:00,4.41667
27-10-18 12:05,4.75
27-10-18 12:10,4.75
27-10-18 12:15,4.83333
27-10-18 12:20,7.41667
27-10-18 12:25,7.41667
27-10-18 12:30,6.75
27-10-18 12:35,8
27-10-18 12:40,8
27-10-18 12:45,6.16667
27-10-18 12:50,3.83333
27-10-18 12:55,3.83333
27-10-18 13:00,3.33333
27-10-18 13:05,3
27-10-18 13:10,3
27-10-18 13:15,3.33333
27-10-18 13:20,5.25
27-10-18 13:25,5.25
27-10-18 13:30,5.08333
27-10-18 13:35,6.33333
27-10-18 13:40,6.33333
27-10-18 13:45,6.33333
27-10-18 13:50,8
27-10-18 13:55,8
27-10-18 14:00,6.91667
27-10-18 14:05,6.16667
27-10-18 14:10,6.16667
27-10-18 14:15,5.41667
27-10-18 14:20,5
27-10-18 14:25,5
27-10-18 14:30,3.91667
27-10-18 14:35,2.33333
27-10-18 14:40,2.33333
27-10-18 14:45,2.5
27-10-18 14:50,3.58333
27-10-18 14:55,3.58333
27-10-18 15:00,3.33333
27-10-18 15:05,3.5
27-10-18 15:10,3.5
27-10-18 15:15,3.08333
27-10-18 15:20,2.91667
27-10-18 15:25,2.91667
27-10-18 15:30,2.58333
27-10-18 15:35,2.41667
27-10-18 15:40,2.41667
27-10-18 15:45,2
27-10-18 15:50,1.33333
27-10-18 15:55,1.33333
27-10-18 16:00,1.08333
27-10-18 16:05,0.75
27-10-18 16:10,0.75
27-10-18 16:15,0.666667
27-10-18 16:20,0.583333
27-10-18 16:25,0.583333
27-10-18 16:30,0.416667
27-10-18 16:35,0.166667
27-10-18 16:40,0.166667
27-10-18 16:45,0.0833333
28-10-18 7:00,0
28-10-18 7:05,0.5
28-10-18 7:10,0.666667
28-10-18 7:15,0.666667
28-10-18 7:20,0.666667
28-10-18 7:25,0.666667
28-10-18 7:30,0.666667
28-10-18 7:35,0.666667
28-10-18 7:40,0.75
28-10-18 7:45,0.75
28-10-18 7:50,0.833333
28-10-18 7:55,0.916667
28-10-18 8:00,0.916667
28-10-18 8:05,1
28-10-18 8:10,1.08333
28-10-18 8:15,1.08333
28-10-18 8:20,1.08333
28-10-18 8:25,1.16667
28-10-18 8:30,1.16667
28-10-18 8:35,1.16667
28-10-18 8:40,1.25
28-10-18 8:45,1.25
28-10-18 8:50,1.33333
28-10-18 8:55,1.41667
28-10-18 9:00,1.41667
28-10-18 9:05,2.16667
28-10-18 9:10,2.41667
28-10-18 9:15,2.41667
28-10-18 9:20,4.25
28-10-18 9:25,4.91667
28-10-18 9:30,4.91667
28-10-18 9:35,6.25
28-10-18 9:40,6.91667
28-10-18 9:45,6.91667
28-10-18 9:50,10.1667
28-10-18 9:55,11.5
28-10-18 10:00,11.5
28-10-18 10:05,5.41667
28-10-18 10:10,5.25
28-10-18 10:15,5.25
28-10-18 10:20,6.25
28-10-18 10:25,7
28-10-18 10:30,7
28-10-18 10:35,9.83333
28-10-18 10:40,10.9167
28-10-18 10:45,10.9167
28-10-18 10:50,11
28-10-18 10:55,11.9167
28-10-18 11:00,11.9167
28-10-18 11:05,16.9167
28-10-18 11:10,18.5833
28-10-18 11:15,18.5833
28-10-18 11:20,14.25
28-10-18 11:25,14.6667
28-10-18 11:30,14.6667
28-10-18 11:35,11.5
28-10-18 11:40,11.9167
28-10-18 11:45,11.9167
28-10-18 11:50,11.1667
28-10-18 11:55,11.9167
28-10-18 12:00,11.9167
28-10-18 12:05,10.1667
28-10-18 12:10,10.8333
28-10-18 12:15,10.8333
28-10-18 12:20,15.5833
28-10-18 12:25,17.5833
28-10-18 12:30,17.5833
28-10-18 12:35,14.75
28-10-18 12:40,15.5
28-10-18 12:45,15.5
28-10-18 12:50,13.75
28-10-18 12:55,14.5833
28-10-18 13:00,14.5833
28-10-18 13:05,17.5
28-10-18 13:10,19.3333
28-10-18 13:15,19.3333
28-10-18 13:20,8.08333
28-10-18 13:25,6.5
28-10-18 13:30,6.5
28-10-18 13:35,5
28-10-18 13:40,5.16667
28-10-18 13:45,5.16667
28-10-18 13:50,12.3333
28-10-18 13:55,14.8333
28-10-18 14:00,14.8333
28-10-18 14:05,13.4167
28-10-18 14:10,14.0833
28-10-18 14:15,14.0833
28-10-18 14:20,3.33333
28-10-18 14:25,1
28-10-18 14:30,1
28-10-18 14:35,0.916667
28-10-18 14:40,0.916667
28-10-18 14:45,0.916667
28-10-18 14:50,1.66667
28-10-18 14:55,1.91667
28-10-18 15:00,1.91667
28-10-18 15:05,3.25
28-10-18 15:10,4
28-10-18 15:15,4
28-10-18 15:20,2.75
28-10-18 15:25,2.66667
28-10-18 15:30,2.66667
28-10-18 15:35,1.25
28-10-18 15:40,1
28-10-18 15:45,1
28-10-18 15:50,0.833333
28-10-18 15:55,0.916667
28-10-18 16:00,0.916667
28-10-18 16:05,0.666667
28-10-18 16:10,0.666667
28-10-18 16:15,0.666667
28-10-18 16:20,0.5
28-10-18 16:25,0.5
28-10-18 16:30,0.5
28-10-18 16:35,0.166667
28-10-18 16:40,0
28-10-18 16:45,0
28-10-18 16:50,0
29-10-18 7:00,0
29-10-18 7:05,0.166667
29-10-18 7:10,0.416667
29-10-18 7:15,0.416667
29-10-18 7:20,0.416667
29-10-18 7:25,0.416667
29-10-18 7:30,0.416667
29-10-18 7:35,0.5
29-10-18 7:40,0.75
29-10-18 7:45,0.75
29-10-18 7:50,0.75
29-10-18 7:55,0.916667
29-10-18 8:00,0.916667
29-10-18 8:05,0.916667
29-10-18 8:10,1.08333
29-10-18 8:15,1.08333
29-10-18 8:20,1.08333
29-10-18 8:25,1.16667
29-10-18 8:30,1.16667
29-10-18 8:35,1.16667
29-10-18 8:40,1.33333
29-10-18 8:45,1.33333
29-10-18 8:50,1.25
29-10-18 8:55,1.41667
29-10-18 9:00,1.41667
29-10-18 9:05,1.41667
29-10-18 9:10,1.58333
29-10-18 9:15,1.58333
29-10-18 9:20,2.25
29-10-18 9:25,3.83333
29-10-18 9:30,3.83333
29-10-18 9:35,4.75
29-10-18 9:40,7.16667
29-10-18 9:45,7.16667
29-10-18 9:50,7.91667
29-10-18 9:55,11.5
29-10-18 10:00,11.5
29-10-18 10:05,9.91667
29-10-18 10:10,9.66667
29-10-18 10:15,9.66667
29-10-18 10:20,9.33333
29-10-18 10:25,11.1667
29-10-18 10:30,11.1667
29-10-18 10:35,11.8333
29-10-18 10:40,15
29-10-18 10:45,15
29-10-18 10:50,15.4167
29-10-18 10:55,18.5
29-10-18 11:00,18.5
29-10-18 11:05,15.3333
29-10-18 11:10,12.0833
29-10-18 11:15,12.0833
29-10-18 11:20,9.58333
29-10-18 11:25,6.25
29-10-18 11:30,6.25
29-10-18 11:35,7.75
29-10-18 11:40,13.6667
29-10-18 11:45,13.6667
29-10-18 11:50,14.5833
29-10-18 11:55,19.25
29-10-18 12:00,19.25
29-10-18 12:05,17.6667
29-10-18 12:10,17.4167
29-10-18 12:15,17.4167
29-10-18 12:20,17.1667
29-10-18 12:25,20
29-10-18 12:30,20
29-10-18 12:35,18.6667
29-10-18 12:40,18.75
29-10-18 12:45,18.75
29-10-18 12:50,17
29-10-18 12:55,17
29-10-18 13:00,17
29-10-18 13:05,13.25
29-10-18 13:10,6.41667
29-10-18 13:15,6.41667
29-10-18 13:20,6.41667
29-10-18 13:25,8.58333
29-10-18 13:30,8.58333
29-10-18 13:35,7.83333
29-10-18 13:40,8.25
29-10-18 13:45,8.25
29-10-18 13:50,8.08333
29-10-18 13:55,10.0833
29-10-18 14:00,10.0833
29-10-18 14:05,7.66667
29-10-18 14:10,2
29-10-18 14:15,2
29-10-18 14:20,2.25
29-10-18 14:25,4.16667
29-10-18 14:30,4.16667
29-10-18 14:35,3.75
29-10-18 14:40,3.5
29-10-18 14:45,3.5
29-10-18 14:50,3.16667
29-10-18 14:55,3.08333
29-10-18 15:00,3.08333
29-10-18 15:05,2.58333
29-10-18 15:10,1.58333
29-10-18 15:15,1.58333
29-10-18 15:20,1.5
29-10-18 15:25,1.75
29-10-18 15:30,1.75
29-10-18 15:35,1.58333
29-10-18 15:40,1.41667
29-10-18 15:45,1.41667
29-10-18 15:50,1.16667
29-10-18 15:55,0.5
29-10-18 16:00,0.5
29-10-18 16:05,0.5
29-10-18 16:10,0.416667
29-10-18 16:15,0.416667
29-10-18 16:20,0.416667
29-10-18 16:25,0.25
29-10-18 16:30,0.25
29-10-18 16:35,0.166667
30-10-18 7:10,0
30-10-18 7:15,0.166667
30-10-18 7:20,0.166667
30-10-18 7:25,0.166667
30-10-18 7:30,0.416667
30-10-18 7:35,0.416667
30-10-18 7:40,0.583333
30-10-18 7:45,0.583333
30-10-18 7:50,0.583333
30-10-18 7:55,0.833333
30-10-18 8:00,0.916667
30-10-18 8:05,0.916667
30-10-18 8:10,1.16667
30-10-18 8:15,1.33333
30-10-18 8:20,1.33333
30-10-18 8:25,1.25
30-10-18 8:30,1.33333
30-10-18 8:35,1.33333
30-10-18 8:40,1.58333
30-10-18 8:45,1.75
30-10-18 8:50,1.75
30-10-18 8:55,2.16667
30-10-18 9:00,2.41667
30-10-18 9:05,2.41667
30-10-18 9:10,2.75
30-10-18 9:15,3.08333
30-10-18 9:20,3.08333
30-10-18 9:25,2.83333
30-10-18 9:30,3
30-10-18 9:35,3
30-10-18 9:40,3.5
30-10-18 9:45,3.91667
30-10-18 9:50,3.91667
30-10-18 9:55,3.91667
30-10-18 10:00,4.25
30-10-18 10:05,4.25
30-10-18 10:10,4.75
30-10-18 10:15,5.41667
30-10-18 10:20,5.41667
30-10-18 10:25,5.08333
30-10-18 10:30,5.58333
30-10-18 10:35,5.58333
30-10-18 10:40,5.75
30-10-18 10:45,6.58333
30-10-18 10:50,6.58333
30-10-18 10:55,6
30-10-18 11:00,6.58333
30-10-18 11:05,6.58333
30-10-18 11:10,6.83333
30-10-18 11:15,7.75
30-10-18 11:20,7.75
30-10-18 11:25,7.08333
30-10-18 11:30,7.58333
30-10-18 11:35,7.58333
30-10-18 11:40,7
30-10-18 11:45,7.58333
30-10-18 11:50,7.58333
30-10-18 11:55,5.08333
30-10-18 12:00,4.91667
30-10-18 12:05,4.91667
30-10-18 12:10,4.25
30-10-18 12:15,4.58333
30-10-18 12:20,4.58333
30-10-18 12:25,8.08333
30-10-18 12:30,10
30-10-18 12:35,10
30-10-18 12:40,8
30-10-18 12:45,8.5
30-10-18 12:50,8.5
30-10-18 12:55,13.9167
30-10-18 13:00,16.4167
30-10-18 13:05,16.4167
30-10-18 13:10,16.5
30-10-18 13:15,17.5833
30-10-18 13:20,17.5833
30-10-18 13:25,7
30-10-18 13:30,4.16667
30-10-18 13:35,4.16667
30-10-18 13:40,3.41667
30-10-18 13:45,3.5
30-10-18 13:50,3.5
30-10-18 13:55,3.66667
30-10-18 14:00,4.08333
30-10-18 14:05,4.08333
30-10-18 14:10,5.66667
30-10-18 14:15,7
30-10-18 14:20,7
30-10-18 14:25,7.58333
30-10-18 14:30,8.83333
30-10-18 14:35,8.83333
30-10-18 14:40,6.66667
30-10-18 14:45,6.75
30-10-18 14:50,6.75
30-10-18 14:55,4.5
30-10-18 15:00,4.16667
30-10-18 15:05,4.16667
30-10-18 15:10,3.58333
30-10-18 15:15,3.75
30-10-18 15:20,3.75
30-10-18 15:25,2.83333
30-10-18 15:30,2.58333
30-10-18 15:35,2.58333
30-10-18 15:40,1.41667
30-10-18 15:45,1.08333
30-10-18 15:50,1.08333
30-10-18 15:55,1.25
30-10-18 16:00,1.5
30-10-18 16:05,1.5
30-10-18 16:10,1.33333
30-10-18 16:15,1.41667
30-10-18 16:20,1.41667
30-10-18 16:25,0.416667
31-10-18 7:00,0
31-10-18 7:05,0
31-10-18 7:10,0.166667
31-10-18 7:15,0.5
31-10-18 7:20,0.5
31-10-18 7:25,0.5
31-10-18 7:30,0.5
31-10-18 7:35,0.5
31-10-18 7:40,0.5
31-10-18 7:45,0.75
31-10-18 7:50,0.75
31-10-18 7:55,0.75
31-10-18 8:00,0.833333
31-10-18 8:05,0.833333
31-10-18 8:10,0.833333
31-10-18 8:15,0.916667
31-10-18 8:20,0.916667
31-10-18 8:25,0.916667
31-10-18 8:30,1.08333
31-10-18 8:35,1.08333
31-10-18 8:40,1
31-10-18 8:45,1.16667
31-10-18 8:50,1.16667
31-10-18 8:55,1.08333
31-10-18 9:00,1.16667
31-10-18 9:05,1.16667
31-10-18 9:10,1.16667
31-10-18 9:15,1.41667
31-10-18 9:20,1.41667
31-10-18 9:25,1.5
31-10-18 9:30,2.08333
31-10-18 9:35,2.08333
31-10-18 9:40,2.66667
31-10-18 9:45,5.25
31-10-18 9:50,5.25
31-10-18 9:55,5.66667
31-10-18 10:00,9.08333
31-10-18 10:05,9.08333
31-10-18 10:10,7.75
31-10-18 10:15,6.58333
31-10-18 10:20,6.58333
31-10-18 10:25,6.91667
31-10-18 10:30,10.3333
31-10-18 10:35,10.3333
31-10-18 10:40,10.3333
31-10-18 10:45,12.75
31-10-18 10:50,12.75
31-10-18 10:55,13.0833
31-10-18 11:00,17
31-10-18 11:05,17
31-10-18 11:10,16.1667
31-10-18 11:15,17.3333
31-10-18 11:20,17.3333
31-10-18 11:25,16.75
31-10-18 11:30,18.25
31-10-18 11:35,18.25
31-10-18 11:40,17.4167
31-10-18 11:45,18.5833
31-10-18 11:50,18.5833
31-10-18 11:55,17.6667
31-10-18 12:00,19.0833
31-10-18 12:05,19.0833
31-10-18 12:10,18
31-10-18 12:15,18.5
31-10-18 12:20,18.5
31-10-18 12:25,16.25
31-10-18 12:30,13.1667
31-10-18 12:35,13.1667
31-10-18 12:40,13.1667
31-10-18 12:45,16.5
31-10-18 12:50,16.5
31-10-18 12:55,16.0833
31-10-18 13:00,18.6667
31-10-18 13:05,18.6667
31-10-18 13:10,17.25
31-10-18 13:15,16.1667
31-10-18 13:20,16.1667
31-10-18 13:25,15.1667
31-10-18 13:30,15.5833
31-10-18 13:35,15.5833
31-10-18 13:40,14.5
31-10-18 13:45,13.8333
31-10-18 13:50,13.8333
31-10-18 13:55,12.3333
31-10-18 14:00,10.6667
31-10-18 14:05,10.6667
31-10-18 14:10,9.16667
31-10-18 14:15,6
31-10-18 14:20,6
31-10-18 14:25,5.33333
31-10-18 14:30,4.5
31-10-18 14:35,4.5
31-10-18 14:40,3.75
31-10-18 14:45,1.58333
31-10-18 14:50,1.58333
31-10-18 14:55,1.5
31-10-18 15:00,1.5
31-10-18 15:05,1.5
31-10-18 15:10,1.41667
31-10-18 15:15,1.5
31-10-18 15:20,1.5
31-10-18 15:25,1.41667
31-10-18 15:30,1.58333
31-10-18 15:35,1.58333
31-10-18 15:40,1.41667
31-10-18 15:45,1.25
31-10-18 15:50,1.25
31-10-18 15:55,1.08333
31-10-18 16:00,0.583333
31-10-18 16:05,0.583333
31-10-18 16:10,0.5
31-10-18 16:15,0.0833333
31-10-18 16:20,0.0833333
31-10-18 16:25,0
